Food Category,Food name,Weight ,Measure,Protein,Carbohydrate,Total Fat,Energy,Energy,Energy,Energy,Phosphorus,Sodium,Potassium,Iron
SOUPS,"Beef or chicken, broth/bouillon",254,250mL,3,tr,1,18,74,18,74,33,827,137,0.4
SOUPS,"Beef, chunky",254,250mL,12,21,5,180,753,180,753,127,915,355,2.5
SOUPS,"Chicken noodle, chunky",254,250mL,13,18,6,185,773,185,773,76,898,114,1.5
SOUPS,"Chicken noodle, low fat, reduced salt",257,250mL,9,13,2,105,444,105,444,,501,,0
SOUPS,"Chicken vegetable, chunky",254,250mL,13,20,5,175,733,175,733,112,1128,388,1.5
SOUPS,"Clam chowder, Manhattan",254,250mL,8,20,4,142,593,142,593,89,1057,406,2.8
SOUPS,"Minestrone, chunky",254,250mL,5,22,3,134,563,134,563,117,913,647,1.9
SOUPS,"Split pea with ham, chunky",254,250mL,12,28,4,195,817,195,817,188,1019,322,2.3
SOUPS,"Vegetable, chunky",254,250mL,4,20,4,129,540,129,540,76,1068,418,1.7
SOUPS,"CONDENSED, DILUTED WITH WATER",,,,,,,,,,,,,
SOUPS,Beef noodle,258,250mL,5,9,3,88,366,88,366,49,1005,106,1.2
SOUPS,Chicken broth,254,250mL,5,1,1,41,170,41,170,76,806,218,0.5
SOUPS,Chicken noodle,255,250mL,4,10,3,79,331,79,331,38,1169,59,0.8
SOUPS,Cream of mushroom,258,250mL,2,10,9,137,572,137,572,52,931,106,0.5
SOUPS,Tomato,258,250mL,2,18,2,90,376,90,376,36,735,278,1.9
SOUPS,"Tomato, reduced salt",258,250mL,2,19,2,90,376,90,376,36,52,278,1.9
SOUPS,Vegetables with beef,258,250mL,6,11,2,83,345,83,345,44,835,183,1.2
SOUPS,Vegetarian vegetable,255,250mL,2,13,2,76,318,76,318,36,868,222,1.1
SOUPS,"CONDENSED, DILUTED WITH 2% MILK",,,,,,,,,,,,,
SOUPS,"Clam chowder, New England",262,250mL,10,18,5,157,658,157,658,168,1051,320,1.6
SOUPS,Cream of chicken,262,250mL,8,16,10,189,789,189,789,162,1108,293,0.7
SOUPS,Cream of mushroom,262,250mL,6,16,13,202,844,202,844,168,983,288,0.6
SOUPS,"Cream of mushroom, reduced salt",262,250mL,6,17,5,134,558,134,558,189,562,691,0.7
SOUPS,Cream of tomato,262,250mL,6,24,5,155,647,155,647,160,802,480,1.9
SOUPS,"DEHYDRATED, PREPARED WITH WATER",,,,,,,,,,,,,
SOUPS,Chicken noodle,254,250mL,2,9,1,58,243,58,243,30,581,33,0.5
SOUPS,Minestrone,268,250mL,5,13,2,83,349,83,349,64,1084,360,1.1
SOUPS,Onion,260,250mL,1,5,1,29,120,29,120,31,897,68,0.2
SOUPS,"Ramen noodles, chicken flavour, cooked",258,250mL,3,20,8,162,678,162,678,,792,,1.2
SOUPS,Tomato vegetable,255,250mL,2,10,1,56,234,56,234,31,1154,104,0.6
SOUPS,HOMEMADE,,,,,,,,,,,,,
SOUPS,Chicken noodle,255,250mL,19,7,3,135,564,135,564,168,336,302,1.1
SOUPS,Cream of vegetable,251,250mL,5,7,2,62,262,62,262,95,586,287,0.6
SOUPS,French onion,255,250mL,10,28,6,204,852,204,852,157,904,204,1.5
SOUPS,Lentil,262,250mL,12,27,5,193,805,193,805,171,654,365,3.3
SOUPS,Split pea with ham,267,250mL,13,31,2,190,797,190,797,176,312,437,1.9
SOUPS,Vegetable,252,250mL,3,8,1,49,204,49,204,58,692,336,0.7
MISCELLANEOUS FOODS,"Bacon bits, simulated meat",7,15mL,2,2,2,34,141,34,141,15,126,10,0.1
MISCELLANEOUS FOODS,Ketchup,15,15mL,tr,4,tr,15,64,15,64,5,169,57,0.1
MISCELLANEOUS FOODS,Mustard,16,15mL,1,1,1,11,44,11,44,17,180,22,0.2
MISCELLANEOUS FOODS,"Olives, pickled, canned or bottled",16,4,tr,1,2,23,97,23,97,1,249,7,0.1
MISCELLANEOUS FOODS,"Olives, ripe, canned, jumbo",16,2,tr,1,1,13,54,13,54,tr,144,1,0.5
MISCELLANEOUS FOODS,"Pickle relish, sweet",15,15mL,tr,5,tr,20,83,20,83,2,123,4,0.1
MISCELLANEOUS FOODS,"Pickles, cucumber, dill",65,1 medium pickle,tr,3,tr,12,49,12,49,14,833,75,0.3
MISCELLANEOUS FOODS,"Pickles, cucumber, sweet, slices",28,4,tr,9,tr,33,137,33,137,3,263,9,0.2
MISCELLANEOUS FOODS,Salsa,17,15mL,tr,1,tr,5,19,5,19,5,100,50,0.1
MISCELLANEOUS FOODS,DIPS,,,,,,,,,,,,,
MISCELLANEOUS FOODS,Cream cheese dip,30,30mL,2,1,11,108,451,108,451,28,176,39,0.3
MISCELLANEOUS FOODS,Onion dip,31,30mL,1,3,4,50,211,50,211,31,206,60,0.1
MISCELLANEOUS FOODS,Spinach dip,30,30mL,1,2,7,74,309,74,309,17,84,57,0.3
MISCELLANEOUS FOODS,GRAVIES AND SAUCES,,,,,,,,,,,,,
MISCELLANEOUS FOODS,"Gravy, beef, canned",59,60mL,2,3,1,31,131,31,131,18,331,48,0.4
MISCELLANEOUS FOODS,"Gravy, beef, dehydrated, prepared with water",65,60mL,1,3,1,20,85,20,85,11,271,15,0.1
MISCELLANEOUS FOODS,"Gravy, chicken, canned",60,60mL,1,3,3,48,199,48,199,18,348,66,0.3
MISCELLANEOUS FOODS,"Gravy, chicken, dehydrated, prepared with water",66,60mL,1,4,1,22,93,22,93,15,244,24,0.1
MISCELLANEOUS FOODS,"Gravy, turkey, canned",61,60mL,2,3,1,31,130,31,130,18,353,67,0.4
MISCELLANEOUS FOODS,"Gravy, unspecified, dehydrated, prepared with water",66,60mL,1,4,1,22,91,22,91,13,362,16,0.1
MISCELLANEOUS FOODS,"Sauce, barbecue",16,15mL,tr,2,tr,12,50,12,50,3,129,28,0.1
MISCELLANEOUS FOODS,"Sauce, cheese, dehydrated, prepared with 2% milk",71,60mL,5,7,4,81,337,81,337,127,445,158,0.1
MISCELLANEOUS FOODS,"Sauce, cranberry, canned, sweetened",70,60mL,tr,27,tr,106,443,106,443,4,20,18,0.2
MISCELLANEOUS FOODS,"Sauce, nacho cheese, ready-to-serve",64,60mL,5,3,10,121,505,121,505,107,499,20,0.2
MISCELLANEOUS FOODS,"Sauce, soy",18,15mL,tr,1,tr,7,30,7,30,17,1038,28,0.3
MISCELLANEOUS FOODS,"Sauce, steak (HPTM, A1TM)",15,15mL,tr,2,tr,9,39,9,39,6,218,60,0.2
MISCELLANEOUS FOODS,"Sauce, sweet and sour",17,15mL,tr,4,tr,20,85,20,85,2,59,11,0.1
MISCELLANEOUS FOODS,"Sauce, teriyaki",18,15mL,1,3,0,15,64,15,64,28,700,41,0.3
MISCELLANEOUS FOODS,"Sauce, white, medium, homemade with 2% milk",61,60mL,2,6,6,89,374,89,374,60,215,95,0.2
,MILK AND SUBSTITUTES,,,,,,,,,,,,,
,Buttermilk,259,250mL,9,12,2,104,432,104,432,230,272,391,0.1
,"Milk, chocolate, 1% M.F.",264,250mL,9,28,3,166,695,166,695,272,161,449,0.6
,"Milk, chocolate, 2% M.F.",264,250mL,8,27,5,190,795,190,795,269,158,446,0.6
,"Milk, partly skimmed, 1% M.F.",258,250mL,9,13,3,108,454,108,454,245,113,387,0.1
,"Milk, partly skimmed, 2% M.F.",258,250mL,9,12,5,129,539,129,539,242,106,387,0.1
,"Milk, partly skimmed, 2% M.F., with added milk solids",260,250mL,10,14,5,146,608,146,608,291,153,473,0.2
,"Milk, skim",259,250mL,9,13,tr,88,368,88,368,261,109,404,0.1
,"Milk, whole, 3.3% M.F.",258,250mL,8,12,8,155,647,155,647,235,103,369,0.1
,"Rice beverage, flavoured and unflavoured, enriched",259,250mL,tr,26,2,127,531,127,531,36,91,72,0.2
,"Soy beverage, chocolate, enriched",257,250mL,6,26,4,162,673,162,673,131,136,367,1.2
,"Soy beverage, original and vanilla, enriched",257,250mL,7,13,4,110,465,110,465,110,120,313,1.1
,"Soy beverage, unsweetened, enriched",257,250mL,7,4,4,85,354,85,354,82,95,308,1.2
,PROCESSED MILK,,,,,,,,,,,,,
,"Milk, condensed, sweetened, canned (Eagle BrandTM)",19,15mL,2,11,2,62,260,62,260,49,25,72,tr
,"Milk, evaporated, partly skimmed, canned, diluted, 2% M.F.",258,250mL,10,15,3,122,512,122,512,264,149,422,0.3
,"Milk, evaporated, partly skimmed, canned, undiluted, 2% M.F.",16,15mL,1,2,tr,15,62,15,62,32,18,51,tr
,"Milk, evaporated, skim, canned, diluted, 0.2% M.F.",259,250mL,10,15,tr,105,438,105,438,262,157,446,0.4
,"Milk, evaporated, skim, canned, undiluted, 0.2% M.F.",16,15mL,1,2,tr,13,53,13,53,32,19,54,tr
,"Milk, evaporated, whole, canned, diluted, 7.8% M.F.",258,250mL,9,13,10,178,744,178,744,270,143,403,0.3
,"Milk, evaporated, whole, canned, undiluted, 7.8% M.F.",16,15mL,1,2,1,21,89,21,89,32,17,48,tr
,"Milk, reconstituted, from skim milk powder",259,250mL,8,13,tr,86,360,86,360,237,137,410,0.1
,Skim milk powder,1,5mL,1,1,tr,5,22,5,22,14,8,25,tr
,MILK BEVERAGES,,,,,,,,,,,,,
,"Chocolate milk, chocolate flavour powder + 2% milk",279,250mL,9,33,6,207,863,207,863,274,176,531,0.8
,"Chocolate milk, syrup + 2% milk",298,250mL,10,38,5,238,998,238,998,298,158,489,1.0
,"Eggnog, 7% M.F.",268,250mL,10,36,20,362,1516,362,1516,293,145,443,0.5
,"Hot chocolate, aspartame sweetened, powder + water",270,250mL,3,15,1,78,326,78,326,189,240,569,1.1
,"Hot chocolate, homemade with cocoa + 2% milk",264,250mL,9,28,6,203,851,203,851,277,116,520,1.3
,"Hot chocolate, powder + 2% milk",264,250mL,10,41,6,255,1068,255,1068,327,272,595,0.5
,"Hot chocolate, powder + water",291,250mL,2,34,2,160,669,160,669,125,206,285,0.5
,Instant breakfast powder + 2% milk,280,250mL,16,36,5,260,1087,260,1087,459,286,811,3.9
,"Milk shake, chocolate",249,250mL,8,53,7,296,1240,296,1240,314,276,558,0.8
,"Milk shake, vanilla",249,250mL,10,44,8,279,1166,279,1166,286,237,456,0.2
,YOGOURTS AND OTHER FERMENTABLE BEVERAGES,,,,,,,,,,,,,
,Drinkable yogourt,207,200mL,5,24,3,145,607,145,607,157,81,257,0.2
,"Fresh cheese (DanimalTM, MinigoTM)",60,1,3,10,2,68,286,68,286,50,32,84,0.1
,"Kefir, plain",165,175mL,6,7,6,104,433,104,433,148,70,250,0.1
,Yogourt parfait with berries and granola,188,175mL,7,40,5,233,973,233,973,201,119,337,2.2
,"Yogourt, plain, 1-2% M.F.",181,175mL,10,13,3,114,477,114,477,261,127,424,0.1
,"Yogourt, plain, 2-4% M.F.",181,175mL,9,12,5,129,538,129,538,246,111,412,0.1
,"Yogourt, plain, fat-free",189,175mL,8,11,tr,79,332,79,332,215,113,368,0.1
,"Yogourt, vanilla or fruit, 1-2% M.F.",185,175mL,7,30,4,183,767,183,767,167,98,335,0.1
,"Yogourt, vanilla or fruit, fat-free",181,175mL,8,21,tr,116,484,116,484,163,103,349,0.2
,"Yogourt, vanilla or fruit, fat-free with sugar substitute",189,175mL,7,16,tr,94,394,94,394,179,92,311,0.2
,CHEESE,,,,,,,,,,,,,
,Blue,50,50g,11,1,14,177,738,177,738,194,698,128,0.2
,Brick,50,50g,12,1,15,186,776,186,776,226,280,68,0.2
,Brie,50,50g,10,tr,14,167,699,167,699,94,315,76,0.3
,Camembert,50,50g,10,tr,12,150,628,150,628,174,421,94,0.2
,Cheddar,50,50g,12,1,17,202,843,202,843,256,311,49,0.3
,"Cheddar, low fat (18% M.F.)",50,50g,14,1,9,141,590,141,590,292,363,47,0.1
,Cottage cheese (1% M.F.),119,125mL,15,3,1,86,359,86,359,160,500,103,0.2
,"Cream cheese, light",30,30mL,3,2,5,70,294,70,294,44,90,51,0.5
,"Cream cheese, regular",29,30mL,2,1,10,103,430,103,430,31,87,35,0.4
,Edam,50,50g,12,1,14,179,747,179,747,268,483,94,0.2
,Feta,50,50g,7,2,11,132,552,132,552,169,558,31,0.3
,"Goat cheese, soft",50,50g,9,tr,11,134,561,134,561,128,184,13,1.0
,Gouda,50,50g,13,1,14,178,745,178,745,273,410,61,0.1
,Gruyere,50,50g,15,tr,16,207,864,207,864,303,168,41,0.1
,Imitation cheese,50,50g,8,6,7,120,500,120,500,356,673,121,0.2
,Mozzarella (22.5% M.F.),50,50g,10,1,11,141,588,141,588,186,187,34,0.1
,"Mozzarella, partially skimmed (16.5% M.F.)",50,50g,13,1,8,127,531,127,531,239,241,42,0.1
,"Parmesan, grated",6,15mL,2,tr,2,27,114,27,114,46,97,8,0.1
,"Processed cheese food, thin slices",21,1,5,tr,7,78,327,78,327,107,310,35,tr
,"Processed cheese food, thin slices, light",21,1,4,2,3,50,209,50,209,173,331,69,tr
,Processed cheese spread (Cheez WhizTM),31,30mL,5,3,7,90,375,90,375,271,503,75,0.1
,"Processed cheese spread, light (Light Cheez WhizTM)",31,30mL,6,4,3,69,287,69,287,317,491,107,tr
,"Ricotta cheese, partly skimmed milk",131,125mL,15,7,10,181,756,181,756,240,164,164,0.6
,"Romano, grated",6,15mL,2,tr,2,25,103,25,103,48,76,5,tr
,Swiss (Emmental),50,50g,13,3,14,190,795,190,795,284,96,39,0.1
,"Swiss, processed, thin slices",21,1,5,tr,5,70,291,70,291,159,285,45,0.1
,CREAM,,,,,,,,,,,,,
,"Half and half, 10% M.F.",15,15mL,tr,1,2,18,76,18,76,15,6,20,tr
,"Sour cream, 14% M.F.",15,15mL,tr,1,2,22,93,22,93,14,6,19,tr
,"Sour cream, light, 5% M.F.",16,15mL,1,1,2,21,89,21,89,11,11,33,tr
,"Table cream (coffee cream), 18% M.F.",15,15mL,tr,1,3,28,118,28,118,13,6,19,tr
,"Whipped, pressurized",15,60mL,tr,2,3,39,164,39,164,14,20,22,tr
,"Whipping cream, 35% M.F., not whipped",15,15mL,tr,tr,5,49,207,49,207,9,5,12,tr
,"Whipping cream, 35% M.F., sweetened, whipped",30,60mL,1,3,10,100,419,100,419,17,10,23,tr
,IMITATION CHEESE,,,,,,,,,,,,,
,"Coffee whitener, frozen liquid",15,15mL,tr,2,2,21,87,21,87,10,12,29,tr
,"Coffee whitener, powdered",2,5mL,tr,1,1,11,45,11,45,8,4,16,tr
,"Coffee whitener, powdered, light",2,5mL,tr,1,tr,9,36,9,36,3,5,18,tr
,"Dessert topping, frozen",19,60mL,tr,4,5,60,253,60,253,2,5,3,tr
,"Dessert topping, frozen, low fat",19,60mL,1,4,2,42,175,42,175,14,14,19,tr
,"Dessert topping, powdered, prepared with 2% M.F. milk",20,60mL,1,3,2,37,153,37,153,18,12,31,tr
,"Dessert topping, pressurized",18,60mL,tr,3,4,47,196,47,196,3,11,3,tr
,PUDDING,,,,,,,,,,,,,
,"All flavours, instant, from mix, prepared with 2% milk",139,125mL,4,27,3,149,623,149,623,307,391,206,0.2
,"Chocolate, ready-to-eat",99,1 container,3,23,4,138,575,138,575,79,128,178,0.5
,"Chocolate, ready-to-eat, fat-free",99,1 container,3,20,tr,96,402,96,402,75,168,139,0.8
,"Rice, homemade",119,125mL,4,32,2,160,669,160,669,112,55,211,0.3
,"Rice, ready-to-eat",99,1 container,2,22,7,161,675,161,675,67,84,59,0.3
,"Tapioca, ready-to-eat",99,1 container,2,19,4,118,493,118,493,78,157,95,0.2
,"Tapioca, ready-to-eat, fat-free",99,1 container,2,20,tr,88,368,88,368,40,210,52,0.3
,"Vanilla, ready-to-eat",99,1 container,2,22,4,128,534,128,534,67,134,112,0.1
,"Vanilla, ready-to-eat, fat-free",99,1 container,2,22,tr,92,385,92,385,49,211,71,0.4
"LEGUMES, NUTS AND SEEDS",Meatless breaded chicken nuggets,72,2,15,6,9,168,705,168,705,176,288,216,2.8
"LEGUMES, NUTS AND SEEDS",Meatless ground beef,75,75g,16,6,7,148,618,148,618,258,413,135,1.6
"LEGUMES, NUTS AND SEEDS",Soy patty,70,1,15,5,6,136,568,136,568,241,385,126,1.5
"LEGUMES, NUTS AND SEEDS","Tofu, regular, firm and extra firm",150,150g,21,3,11,189,791,189,791,182,26,222,2.4
"LEGUMES, NUTS AND SEEDS","Tofu, silken, soft",150,150g,7,4,4,83,345,83,345,93,8,270,1.2
"LEGUMES, NUTS AND SEEDS",Vegetable patty,90,1,18,7,4,138,576,138,576,225,411,432,3.9
"LEGUMES, NUTS AND SEEDS",Vegetarian luncheon meat,56,4 slices,10,2,6,106,442,106,442,248,398,112,1.0
"LEGUMES, NUTS AND SEEDS","Wiener, meatless",70,1,14,5,10,163,682,163,682,241,330,69,1.0
"LEGUMES, NUTS AND SEEDS","BEANS, PEAS AND LENTILS",,,,,,,,,,,,,
"LEGUMES, NUTS AND SEEDS","Beans, baked, homemade",187,175mL,10,40,10,283,1181,283,1181,204,790,670,3.7
"LEGUMES, NUTS AND SEEDS","Beans, baked, plain or vegetarian, canned",188,175mL,9,40,1,177,738,177,738,135,633,408,2.2
"LEGUMES, NUTS AND SEEDS","Beans, baked, with pork, canned",187,175mL,10,37,3,198,829,198,829,202,775,578,3.2
"LEGUMES, NUTS AND SEEDS","Beans, black, canned, not drained",178,175mL,11,29,1,162,676,162,676,192,682,547,3.4
"LEGUMES, NUTS AND SEEDS","Beans, kidney, dark red, canned, not drained",189,175mL,10,30,1,161,672,161,672,178,646,487,2.4
"LEGUMES, NUTS AND SEEDS","Beans, navy, canned, not drained",194,175mL,15,40,1,219,917,219,917,260,868,558,3.6
"LEGUMES, NUTS AND SEEDS","Beans, pinto, canned, not drained",178,175mL,9,27,1,153,639,153,639,163,522,431,2.6
"LEGUMES, NUTS AND SEEDS","Beans, refried, canned",186,175mL,10,29,2,175,733,175,733,160,557,498,3.1
"LEGUMES, NUTS AND SEEDS","Beans, white, canned, not drained",194,175mL,14,43,1,227,948,227,948,176,315,880,5.8
"LEGUMES, NUTS AND SEEDS","Black-eyed peas, canned, not drained",178,175mL,8,24,1,137,572,137,572,124,531,305,1.7
"LEGUMES, NUTS AND SEEDS","Chickpeas (garbanzo beans), canned, not drained",178,175mL,9,40,2,211,884,211,884,160,531,305,2.4
"LEGUMES, NUTS AND SEEDS","Falafel, homemade",17,1 ball,2,5,3,57,237,57,237,33,50,99,0.6
"LEGUMES, NUTS AND SEEDS","Hummus, commercial",57,60mL,4,8,5,94,394,94,394,100,215,129,1.4
"LEGUMES, NUTS AND SEEDS","Lentils, boiled, salted",146,175mL,13,29,1,170,710,170,710,264,349,540,4.9
"LEGUMES, NUTS AND SEEDS","Lentils, pink, boiled",179,175mL,14,32,1,190,793,190,793,161,4,317,4.1
"LEGUMES, NUTS AND SEEDS","Peas, split, boiled",145,175mL,12,31,1,171,715,171,715,144,3,525,1.9
"LEGUMES, NUTS AND SEEDS","Soybeans, boiled",127,175mL,21,13,11,220,920,220,920,312,1,655,6.5
"LEGUMES, NUTS AND SEEDS",PEANUTS,,,,,,,,,,,,,
"LEGUMES, NUTS AND SEEDS","Peanut butter, chunk type, fat, sugar and salt added",32,30mL,8,7,16,191,799,191,799,103,158,242,0.6
"LEGUMES, NUTS AND SEEDS","Peanut butter, natural",31,30mL,7,7,16,184,770,184,770,113,2,207,0.7
"LEGUMES, NUTS AND SEEDS","Peanut butter, smooth type, fat, sugar and salt added",32,30mL,8,6,16,191,798,191,798,116,149,210,0.6
"LEGUMES, NUTS AND SEEDS","Peanut butter, smooth type, light",36,30mL,9,13,12,190,794,190,794,135,197,244,0.7
"LEGUMES, NUTS AND SEEDS","Peanuts, all types, shelled, oil-roasted, salted",37,60mL,10,6,19,219,915,219,915,145,117,265,0.6
"LEGUMES, NUTS AND SEEDS","Peanuts, all types, shelled, roasted",37,60mL,9,8,18,217,906,217,906,133,2,244,0.8
"LEGUMES, NUTS AND SEEDS",Nuts,,,,,,,,,,,,,
"LEGUMES, NUTS AND SEEDS","Almonds, dried",36,60mL,8,7,18,208,870,208,870,171,tr,262,1.5
"LEGUMES, NUTS AND SEEDS","Almonds, oil roasted",40,60mL,8,7,22,242,1010,242,1010,186,tr,278,1.5
"LEGUMES, NUTS AND SEEDS","Almonds, roasted, salted",35,60mL,8,7,18,209,874,209,874,171,119,261,1.6
"LEGUMES, NUTS AND SEEDS","Brazil nuts, dried",36,60mL,5,4,24,233,974,233,974,257,1,234,0.9
"LEGUMES, NUTS AND SEEDS","Cashews, roasted, salted",35,60mL,5,11,16,199,834,199,834,170,222,196,2.1
"LEGUMES, NUTS AND SEEDS","Hazelnuts or filberts, dried",34,60mL,5,6,21,215,899,215,899,99,0,233,1.6
"LEGUMES, NUTS AND SEEDS","Mixed nuts, oil roasted, salted",36,60mL,6,8,20,222,929,222,929,167,151,209,1.2
"LEGUMES, NUTS AND SEEDS","Mixed nuts, roasted",35,60mL,6,9,18,206,863,206,863,151,4,207,1.3
"LEGUMES, NUTS AND SEEDS","Mixed nuts, roasted, salted",35,60mL,6,9,18,206,863,206,863,151,232,207,1.3
"LEGUMES, NUTS AND SEEDS","Nuts, macadamia, roasted, salted",34,60mL,3,4,26,243,1017,243,1017,67,90,123,0.9
"LEGUMES, NUTS AND SEEDS","Pecans, dried",25,60mL,2,3,18,173,726,173,726,70,0,103,0.6
"LEGUMES, NUTS AND SEEDS","Pine nuts, pignolia, dried",34,60mL,5,4,23,230,963,230,963,197,1,204,1.9
"LEGUMES, NUTS AND SEEDS","Pistachios, shelled, roasted, salted",31,60mL,7,8,14,177,741,177,741,151,126,325,1.3
"LEGUMES, NUTS AND SEEDS","Walnuts, dried",25,60mL,4,3,17,166,694,166,694,88,1,112,0.7
"LEGUMES, NUTS AND SEEDS",NUT BUTTERS,,,,,,,,,,,,,
"LEGUMES, NUTS AND SEEDS",Almond butter,32,30mL,5,7,19,205,858,205,858,170,4,246,1.2
"LEGUMES, NUTS AND SEEDS",Cashew butter,32,30mL,6,9,16,190,796,190,796,148,5,177,1.6
"LEGUMES, NUTS AND SEEDS","Sesame butter, tahini",30,30mL,5,6,16,181,757,181,757,223,35,126,2.7
"LEGUMES, NUTS AND SEEDS",SEEDS,,,,,,,,,,,,,
"LEGUMES, NUTS AND SEEDS","Flaxseeds, whole and ground",11,15mL,2,3,4,56,235,56,235,53,3,89,0.5
"LEGUMES, NUTS AND SEEDS","Pumpkin and squash seeds, kernels, dried",35,60mL,9,6,16,189,792,189,792,411,6,282,5.2
"LEGUMES, NUTS AND SEEDS","Sunflower seed kernels, roasted, salted",32,60mL,6,8,16,189,790,189,790,375,133,276,1.2
MEAT AND POULTRY,"Blade roast, lean + fat, braised",75,75g,26,0,10,200,834,200,834,142,46,202,2.5
MEAT AND POULTRY,"Blade steak, lean + fat, braised",75,75g,23,0,14,227,947,227,947,138,49,178,2.4
MEAT AND POULTRY,"Composite, roast, lean + fat, cooked",75,75g,24,0,8,181,756,181,756,155,40,230,2.3
MEAT AND POULTRY,"Composite, steak, lean + fat, cooked",75,75g,25,0,9,196,819,196,819,148,40,200,2.4
MEAT AND POULTRY,"Cross rib roast, lean + fat, braised",75,75g,27,0,9,197,825,197,825,164,52,242,2.6
MEAT AND POULTRY,"Eye of round roast, lean + fat, roasted",75,75g,24,0,5,148,618,148,618,152,40,243,1.5
MEAT AND POULTRY,"Eye of round steak, lean + fat, braised",75,75g,28,0,5,171,715,171,715,152,35,243,1.8
MEAT AND POULTRY,"Flank steak, lean + fat, braised",75,75g,25,0,8,184,769,184,769,152,45,243,2.2
MEAT AND POULTRY,"Ground, extra lean, crumbled, pan-fried",75,75g,23,0,8,167,696,167,696,180,65,311,2.1
MEAT AND POULTRY,"Ground, lean, crumbled, pan-fried",75,75g,22,0,11,194,809,194,809,174,70,293,2.1
MEAT AND POULTRY,"Ground, medium, crumbled, pan-fried",75,75g,22,0,13,214,894,214,894,173,68,303,2.0
MEAT AND POULTRY,"Ground, regular, crumbled, pan-fried",75,75g,22,0,17,243,1016,243,1016,178,78,301,2.2
MEAT AND POULTRY,"Inside (top) round roast, lean + fat, roasted",75,75g,24,0,3,133,555,133,555,163,48,253,2.1
MEAT AND POULTRY,"Inside (top) round steak, lean + fat, braised",75,75g,30,0,5,175,731,175,731,157,38,204,2.4
MEAT AND POULTRY,"Outside (bottom) round roast, lean + fat, roasted",75,75g,25,0,5,158,659,158,659,152,42,243,2.9
MEAT AND POULTRY,"Outside (bottom) round steak, lean + fat, braised",75,75g,29,0,8,195,815,195,815,152,43,243,3.1
MEAT AND POULTRY,"Rib eye steak, lean + fat, broiled",75,75g,20,0,16,230,963,230,963,152,40,243,2.4
MEAT AND POULTRY,"Rib steak, lean + fat, broiled",75,75g,23,0,15,232,969,232,969,152,56,243,1.9
MEAT AND POULTRY,"Rump roast, lean + fat, broiled",75,75g,21,0,8,164,684,164,684,180,47,296,1.9
MEAT AND POULTRY,"Short ribs, lean + fat, simmered",75,75g,17,0,26,309,1292,309,1292,86,29,146,1.4
MEAT AND POULTRY,"Sirloin tip roast, lean + fat, roasted",75,75g,25,0,5,156,653,156,653,152,44,243,2.7
MEAT AND POULTRY,"Standing rib roast, lean + fat, roasted",75,75g,21,0,16,237,992,237,992,152,53,243,1.7
MEAT AND POULTRY,"Stewing beef, lean, simmered",75,75g,28,0,7,183,765,183,765,150,45,214,2.6
MEAT AND POULTRY,"Strip loin (New York) steak, lean + fat, broiled",75,75g,23,0,10,191,797,191,797,152,43,243,2.1
MEAT AND POULTRY,"T-Bone (Porterhouse) steak, lean + fat, broiled",75,75g,22,0,13,216,903,216,903,152,51,243,2.1
MEAT AND POULTRY,"Tenderloin, steak, lean + fat, broiled",75,75g,24,0,7,170,709,170,709,152,50,243,2.9
MEAT AND POULTRY,"Top sirloin steak, lean + fat, broiled",75,75g,21,0,6,146,611,146,611,160,43,257,2.0
MEAT AND POULTRY,VEAL,,,,,,,,,,,,,
MEAT AND POULTRY,"Composite cuts, lean and fat, cooked",75,75g,23,0,9,173,725,173,725,179,65,244,0.9
MEAT AND POULTRY,"Cutlets, grain-fed, pan-fried",75,75g,27,0,2,136,568,136,568,171,33,266,1.5
MEAT AND POULTRY,"Cutlets, milk-fed, pan-fried",75,75g,28,0,2,142,593,142,593,218,58,332,0.5
MEAT AND POULTRY,"Ground, broiled",75,75g,18,0,6,129,539,129,539,163,62,253,0.7
MEAT AND POULTRY,"Leg, lean and fat, breaded, pan-fried",75,75g,20,7,7,171,715,171,715,188,341,278,1.2
MEAT AND POULTRY,"Leg, lean and fat, roasted",75,75g,21,0,3,120,502,120,502,176,51,292,0.7
MEAT AND POULTRY,"Loin, lean and fat, roasted",75,75g,19,0,9,163,680,163,680,159,70,244,0.7
MEAT AND POULTRY,"Shoulder, whole, lean and fat, roasted",75,75g,23,0,5,142,593,142,593,140,56,266,0.7
MEAT AND POULTRY,"Stewing meat, lean, braised",75,75g,26,0,3,141,590,141,590,179,70,257,1.1
MEAT AND POULTRY,PORK,,,,,,,,,,,,,
MEAT AND POULTRY,"Back ribs, lean + fat, roasted",75,75g,21,0,20,274,1145,274,1145,147,100,251,0.9
MEAT AND POULTRY,"Centre cut, loin, chop, lean + fat, broiled",75,75g,22,0,10,180,753,180,753,174,44,269,0.6
MEAT AND POULTRY,"Centre cut, loin, chop, lean + fat, pan-fried",75,75g,22,0,12,208,869,208,869,194,60,319,0.7
MEAT AND POULTRY,"Ground, lean, pan-fried",75,75g,19,0,11,175,731,175,731,166,60,278,0.9
MEAT AND POULTRY,"Ground, medium, pan-fried",75,75g,18,0,16,224,938,224,938,164,68,275,0.8
MEAT AND POULTRY,"Leg, butt end, lean + fat, roasted",75,75g,23,0,3,129,539,129,539,198,51,293,0.8
MEAT AND POULTRY,"Loin, rib end, lean + fat, broiled",75,75g,22,0,12,197,825,197,825,178,47,301,0.6
MEAT AND POULTRY,"Loin, rib end, lean + fat, pan-fried",75,75g,20,0,13,199,831,199,831,177,38,323,0.5
MEAT AND POULTRY,"Shoulder, butt, lean + fat, roasted",75,75g,19,0,13,198,828,198,828,153,50,245,1.1
MEAT AND POULTRY,"Shoulder, whole, lean + fat, roasted",75,75g,17,0,16,219,916,219,916,159,51,247,1.0
MEAT AND POULTRY,"Spareribs, lean + fat, braised",75,75g,20,0,18,251,1048,251,1048,107,49,118,1.1
MEAT AND POULTRY,"Tenderloin, lean,  roasted",75,75g,21,0,2,108,452,108,452,184,44,302,1.0
MEAT AND POULTRY,LAMB,,,,,,,,,,,,,
MEAT AND POULTRY,"American, fresh, foreshank, lean + fat, cooked",75,75g,21,0,10,182,762,182,762,125,54,193,1.6
MEAT AND POULTRY,"American, fresh, ground, cooked",75,75g,19,0,15,212,888,212,888,151,61,254,1.3
MEAT AND POULTRY,"American, fresh, leg, whole, lean + fat, cooked",75,75g,19,0,12,194,809,194,809,143,50,235,1.5
MEAT AND POULTRY,"American, fresh, loin, lean + fat, cooked",75,75g,17,0,18,232,969,232,969,135,48,185,1.6
MEAT AND POULTRY,"American, fresh, rib, lean + fat, cooked",75,75g,16,0,22,269,1126,269,1126,125,55,203,1.2
MEAT AND POULTRY,"American, fresh, shoulder, whole, lean+ fat, cooked",75,75g,17,0,15,207,866,207,866,138,50,188,1.5
MEAT AND POULTRY,"New Zealand, frozen, composite, lean + fat, cooked",75,75g,19,0,13,203,847,203,847,158,35,121,1.6
MEAT AND POULTRY,"New Zealand, frozen, foreshank, lean + fat, braised",75,75g,20,0,12,194,809,194,809,131,35,89,1.6
MEAT AND POULTRY,"New Zealand, frozen, leg, whole, lean + fat, roasted",75,75g,19,0,10,176,734,176,734,166,33,128,1.6
MEAT AND POULTRY,"New Zealand, frozen, loin, lean + fat, broiled",75,75g,18,0,16,222,929,222,929,160,38,123,1.6
MEAT AND POULTRY,"New Zealand, frozen, rib, lean + fat, roasted",75,75g,15,0,19,238,995,238,995,130,33,96,1.3
MEAT AND POULTRY,"New Zealand, frozen, shoulder, whole, lean + fat, braised",75,75g,22,0,18,257,1073,257,1073,150,39,113,1.6
MEAT AND POULTRY,POULTRY AND GAME BIRDS,,,,,,,,,,,,,
MEAT AND POULTRY,"Chicken, broiler, breast, meat and skin, roasted",75,75g,19,0,7,142,593,142,593,,45,241,0.4
MEAT AND POULTRY,"Chicken, broiler, breast, meat, roasted",75,75g,25,0,2,119,499,119,499,,56,301,0.4
MEAT AND POULTRY,"Chicken, broiler, drumstick, meat and skin, roasted",75,75g,16,0,10,161,671,161,671,131,68,172,1.0
MEAT AND POULTRY,"Chicken, broiler, drumstick, meat, roasted",75,75g,19,0,5,127,530,127,530,,71,185,1.0
MEAT AND POULTRY,"Chicken, broiler, flesh and skin, roasted",75,75g,20,0,10,179,749,179,749,137,62,167,0.9
MEAT AND POULTRY,"Chicken, broiler, flesh, roasted",75,75g,22,0,6,143,596,143,596,146,65,182,0.9
MEAT AND POULTRY,"Chicken, broiler, thigh, meat and skin, roasted",75,75g,15,0,14,187,781,187,781,131,63,167,1.0
MEAT AND POULTRY,"Chicken, broiler, thigh, meat, roasted",75,75g,19,0,5,127,530,127,530,,66,179,1.0
MEAT AND POULTRY,"Chicken, broiler, wing, meat and skin,  roasted",75,75g,20,0,15,218,910,218,910,113,62,138,1.0
MEAT AND POULTRY,"Chicken, cornish game hens, flesh and skin, roasted",75,75g,17,0,14,195,815,195,815,110,48,184,0.7
MEAT AND POULTRY,"Chicken, ground, lean, cooked",75,75g,16,0,9,153,640,153,640,,51,212,1.2
MEAT AND POULTRY,"Duck, domesticated, roasted",75,75g,14,0,21,253,1057,253,1057,117,44,153,2.0
MEAT AND POULTRY,"Duck, wild, cooked",75,75g,23,0,3,128,533,128,533,187,40,197,7.4
MEAT AND POULTRY,"Goose, domesticated, flesh, roasted",75,75g,22,0,10,179,746,179,746,232,57,291,2.2
MEAT AND POULTRY,"Goose, wild (Canada goose), flesh, roasted",75,75g,23,0,6,150,627,150,627,232,57,291,7.4
MEAT AND POULTRY,"Ptarmigan, flesh cooked",75,75g,23,0,2,116,483,116,483,190,37,247,6.5
MEAT AND POULTRY,"Spruce grouse, flesh, cooked",75,75g,20,0,2,99,414,99,414,152,38,204,3.3
MEAT AND POULTRY,"Turkey, dark meat and skin, roasted",75,75g,17,0,9,162,677,162,677,148,60,207,1.7
MEAT AND POULTRY,"Turkey, dark meat, roasted",75,75g,19,0,6,139,581,139,581,154,62,220,1.7
MEAT AND POULTRY,"Turkey, ground, cooked",75,75g,21,0,10,176,737,176,737,147,80,203,1.4
MEAT AND POULTRY,"Turkey, light meat and skin, roasted",75,75g,21,0,4,143,599,143,599,157,50,215,1.1
MEAT AND POULTRY,"Turkey, light meat, roasted",75,75g,21,0,2,116,483,116,483,165,51,231,1.0
MEAT AND POULTRY,GAME MEATS AND OTHER MEATS,,,,,,,,,,,,,
MEAT AND POULTRY,"Bear, simmered",75,75g,24,0,10,194,812,194,812,128,53,197,8.0
MEAT AND POULTRY,"Beaver, roasted",75,75g,20,0,1,95,398,95,398,135,68,255,3.6
MEAT AND POULTRY,"Bison, roasted",75,75g,21,0,2,107,449,107,449,157,43,271,2.6
MEAT AND POULTRY,"Caribou (reindeer), roasted",75,75g,24,0,2,122,512,122,512,168,35,268,4.2
MEAT AND POULTRY,"Deer (venison), roasted",75,75g,23,0,2,119,496,119,496,170,41,251,3.4
MEAT AND POULTRY,"Emu, inside drum, broiled",75,75g,24,0,2,117,489,117,489,230,89,234,5.5
MEAT AND POULTRY,"Goat, roasted",75,75g,20,0,2,107,449,107,449,151,65,304,2.8
MEAT AND POULTRY,"Horsemeat, roasted",75,75g,21,0,5,131,549,131,549,185,41,284,3.8
MEAT AND POULTRY,"Moose, roasted",75,75g,26,0,1,121,505,121,505,188,38,375,3.8
MEAT AND POULTRY,"Narwhal skin (muktuk), raw",90,90g,20,0,4,119,497,119,497,146,91,332,0.3
MEAT AND POULTRY,"Ostrich, inside strip, cooked",75,75g,22,0,3,123,515,123,515,190,55,275,3.6
MEAT AND POULTRY,"Rabbit, composite cuts, roasted",75,75g,22,0,6,148,618,148,618,197,35,287,1.7
MEAT AND POULTRY,"Seal meat, boiled",75,75g,26,0,2,129,539,129,539,139,33,212,17.6
MEAT AND POULTRY,LIVER AND ORGAN MEATS,,,,,,,,,,,,,
MEAT AND POULTRY,"Heart, beef, simmered",75,75g,21,tr,4,124,518,124,518,191,44,164,4.8
MEAT AND POULTRY,"Kidney, beef simmered",75,75g,20,0,3,119,496,119,496,228,71,101,4.4
MEAT AND POULTRY,"Liver, beef, pan-fried",75,75g,20,4,4,131,549,131,549,364,58,263,4.6
MEAT AND POULTRY,"Liver, chicken, pan-fried",75,75g,19,1,5,129,539,129,539,332,69,236,9.7
MEAT AND POULTRY,"Liver, veal, pan-fried",75,75g,21,3,5,145,605,145,605,362,64,265,4.5
MEAT AND POULTRY,"Thymus, veal, braised",75,75g,17,0,2,94,392,94,392,470,44,326,0.9
MEAT AND POULTRY,"Tongue, beef, canned or pickled",75,75g,14,tr,15,200,838,200,838,137,55,148,1.6
MEAT AND POULTRY,PROCESSED MEAT PRODUCTS,,,,,,,,,,,,,
MEAT AND POULTRY,"Back bacon, grilled",47,2 slices,11,1,4,87,364,87,364,139,727,183,0.4
MEAT AND POULTRY,"Bacon, pork, broiled, pan-fried or roasted",24,3 slices,9,tr,10,130,543,130,543,128,554,136,0.3
MEAT AND POULTRY,"Bacon, pork, broiled, pan-fried or roasted, reduced sodium",24,3 slices,9,tr,10,130,543,130,543,128,247,136,0.3
MEAT AND POULTRY,"Bologna (baloney), beef and pork",56,2 slices,7,3,13,153,640,153,640,51,549,132,0.8
MEAT AND POULTRY,"Bologna (baloney), beef and pork, light",56,2 slices,6,1,11,129,539,129,539,101,620,87,0.4
MEAT AND POULTRY,"Bologna (baloney), chicken",56,2 slices,7,4,9,127,531,127,531,73,492,111,0.9
MEAT AND POULTRY,"Chicken, canned, flaked",52,60mL,9,tr,5,89,372,89,372,58,374,135,0.8
MEAT AND POULTRY,"Corned beef, brisket, cooked",56,2 slices,11,1,6,101,422,101,422,70,653,112,1.0
MEAT AND POULTRY,"Cottage roll, pork, lean and fat, roasted",56,2 slices,9,1,3,69,291,69,291,87,642,152,0.5
MEAT AND POULTRY,Creton,34,30mL,5,tr,19,193,808,193,808,56,129,96,0.3
MEAT AND POULTRY,"Deli meat, beef, thin sliced",56,4 slices,11,tr,4,83,349,83,349,94,791,240,1.2
MEAT AND POULTRY,"Deli meat, chicken breast roll",56,2 slices,8,1,4,75,314,75,314,68,494,181,0.2
MEAT AND POULTRY,"Deli meat, chicken breast, low fat",56,2 slices,10,1,tr,48,199,48,199,143,696,177,0.7
MEAT AND POULTRY,"Deli meat, ham, extra lean (5% fat)",56,2 slices,10,1,2,62,258,62,258,122,619,196,0.4
MEAT AND POULTRY,"Deli meat, ham, regular (11% fat)",56,2 slices,9,2,5,91,382,91,382,86,730,161,0.6
MEAT AND POULTRY,"Deli meat, mock chicken, loaved",56,2 slices,7,2,12,147,616,147,616,,536,129,
MEAT AND POULTRY,"Deli meat, turkey breast",56,2 slices,8,4,2,63,262,63,262,88,672,195,1.2
MEAT AND POULTRY,"Ham, extra lean, canned",56,2 slices,9,tr,2,62,260,62,260,125,638,151,0.5
MEAT AND POULTRY,"Ham, flaked, canned",35,60mL,6,tr,3,48,199,48,199,49,367,87,0.3
MEAT AND POULTRY,"Ham, lean and regular, roasted",75,75g,16,tr,6,124,518,124,518,186,1039,272,1.1
MEAT AND POULTRY,"Ham, lean, canned",56,2 slices,10,0,4,81,337,81,337,116,715,187,0.5
MEAT AND POULTRY,"Ham, whole, lean, roasted",75,75g,19,1,4,118,493,118,493,170,995,237,0.7
MEAT AND POULTRY,"Kielbasa (Kolbassa), pork and beef",56,1 piece,9,2,9,124,517,124,517,83,520,155,0.8
MEAT AND POULTRY,"Liver sausage (liverwurst), pork",27,30mL,4,1,8,93,388,93,388,62,191,41,1.7
MEAT AND POULTRY,"Pastrami, beef",56,2 slices,10,1,3,74,309,74,309,84,694,121,1.1
MEAT AND POULTRY,"Pate, liver, canned",26,30mL,4,tr,7,84,352,84,352,53,184,36,1.4
MEAT AND POULTRY,"Pepperoni, pork, beef",55,10 slices,11,2,22,252,1053,252,1053,95,966,170,0.8
MEAT AND POULTRY,"Salami, beef and pork",46,2 slices,6,2,9,118,495,118,495,53,490,105,1.2
MEAT AND POULTRY,"Salami, pork and beef, dry or hard",50,5 slices,12,1,15,185,774,185,774,71,900,194,0.8
MEAT AND POULTRY,"Salami, pork and beef, reduced salt",46,2 slices,7,7,14,182,762,182,762,125,287,631,0.7
MEAT AND POULTRY,"Sausage, Bratwurst, pork, cooked",75,1,11,2,14,184,769,184,769,112,418,159,1.0
MEAT AND POULTRY,"Sausage, Italian, pork, cooked",75,1,14,3,20,258,1079,258,1079,128,905,228,1.1
MEAT AND POULTRY,"Sausage, pork and beef, cooked",13,1,2,tr,5,51,215,51,215,14,105,25,0.1
MEAT AND POULTRY,"Sausage, pork, cooked",13,1,2,tr,3,35,145,35,145,24,102,28,0.2
MEAT AND POULTRY,"Sausage, turkey, cooked",13,1,2,tr,2,31,128,31,128,24,76,26,0
MEAT AND POULTRY,"Summer sausage, beef",56,2 slices,9,tr,17,188,785,188,785,62,696,152,1.4
MEAT AND POULTRY,"Turkey, canned, flaked",34,60mL,6,tr,3,50,207,50,207,55,229,92,0.6
MEAT AND POULTRY,"Vienna sausage (cocktail), beef and pork, canned",48,3,5,1,9,110,462,110,462,24,465,48,0.4
MEAT AND POULTRY,"Wiener (frankfurter), beef",38,1,5,2,8,104,436,104,436,60,343,54,0.6
MEAT AND POULTRY,"Wiener (frankfurter), beef and pork",38,1,5,2,9,107,449,107,449,32,374,69,0.4
MEAT AND POULTRY,"Wiener (frankfurter), beef and pork, light",38,1,4,2,4,58,242,58,242,53,471,56,0.5
MEAT AND POULTRY,"Wiener (frankfurter), chicken",38,1,4,2,7,93,390,93,390,40,514,32,0.8
,VEGETABLES,,,,,,,,,,,,,
,"Alfalfa sprouts, raw",8,60mL,tr,tr,tr,2,10,2,10,6,1,7,0.1
,"Artichoke hearts, canned in water",27,1 heart,1,3,tr,13,56,13,56,23,74,95,0.3
,"Artichoke hearts, marinated in oil",28,1 heart,1,3,2,27,111,27,111,23,79,93,0.3
,"Artichoke, boiled, drained",120,1 medium,4,13,tr,60,251,60,251,103,114,425,1.5
,"Asparagus, canned, drained",108,6 spears,2,3,1,21,85,21,85,46,310,186,2
,"Asparagus, fresh or frozen, boiled, drained",90,6 spears,2,3,tr,18,75,18,75,46,8,178,0.7
,"Bean sprouts, stir-fried",66,125mL,3,7,tr,33,137,33,137,52,6,143,1.2
,"Beans, lima, frozen, boiled, drained",95,125mL,6,18,tr,100,417,100,417,107,28,391,1.9
,"Beans, snap (green, yellow, Italian), canned, drained",71,125mL,1,3,tr,14,60,14,60,14,187,78,0.6
,"Beans, snap (green, yellow, Italian), fresh or frozen, boiled, drained",71,125mL,1,5,tr,22,94,22,94,21,4,97,0.5
,"Beets, pickled, sliced, not drained",120,125mL,1,20,tr,78,326,78,326,20,317,177,0.5
,"Beets, sliced, boiled, drained",90,125mL,2,9,tr,40,165,40,165,34,69,274,0.7
,"Beets, sliced, canned, drained",90,125mL,1,6,tr,28,117,28,117,15,174,133,1.6
,"Belgium endive, raw",53,1 endive,tr,2,tr,9,38,9,38,14,1,112,0.1
,"Bok Choy, Pak-Choi, shredded, boiled, drained",90,125mL,1,2,tr,11,45,11,45,26,31,333,0.9
,"Broccoli, chopped, boiled, drained",82,125mL,2,6,tr,29,120,29,120,55,34,241,0.6
,"Broccoli, chopped, raw",46,125mL,1,3,tr,16,66,16,66,31,15,147,0.3
,"Broccoli, frozen spears, boiled, drained",97,125mL,3,5,tr,27,114,27,114,53,23,175,0.6
,"Brussels sprouts, fresh or frozen, boiled, drained",84,4 sprouts,3,6,tr,33,137,33,137,47,15,255,0.7
,"Cabbage, green, shredded, boiled, drained",79,125mL,1,4,tr,17,73,17,73,12,6,77,0.1
,"Cabbage, green, shredded, raw",37,125mL,1,2,tr,9,37,9,37,9,7,91,0.2
,"Cabbage, napa, shredded, boiled, drained",58,125mL,1,1,tr,7,29,7,29,11,6,50,0.4
,"Cabbage, red, shredded, raw",37,125mL,1,3,tr,11,48,11,48,11,10,90,0.3
,"Carrots, baby, raw",80,8,1,7,tr,28,117,28,117,22,62,190,0.7
,"Carrots, fresh or frozen, boiled, drained",77,125mL,1,6,tr,28,116,28,116,24,45,165,0.3
,"Carrots, raw",61,1 medium,1,6,tr,25,104,25,104,21,42,195,0.2
,"Cauliflower, pieces, boiled, drained",66,125mL,1,3,tr,15,63,15,63,21,10,93,0.2
,"Cauliflower, pieces, raw",53,125mL,1,3,tr,13,55,13,55,23,16,160,0.2
,"Celery, raw",40,1,tr,1,tr,6,24,6,24,10,32,104,0.1
,"Corn, sweet, canned, cream style",135,125mL,2,25,1,97,407,97,407,69,385,181,0.5
,"Corn, sweet, canned, niblets",111,125mL,3,22,1,88,366,88,366,71,302,206,0.5
,"Corn, sweet, on or off cob, fresh or frozen, boiled, drained",87,125mL,3,19,1,82,343,82,343,79,8,209,0.5
,"Cucumber, peeled, raw",28,4 slices,tr,1,tr,3,14,3,14,6,1,38,0.1
,Edamame,82,125mL,9,8,4,100,417,100,417,138,5,357,1.9
,"Eggplant, pieces, boiled, drained",52,125mL,tr,5,tr,18,76,18,76,8,1,64,0.1
,"Fiddleheads, frozen, boiled",98,125mL,4,6,tr,33,139,33,139,78,tr,244,1
,"Fireweed leaves, raw",12,125mL,1,2,tr,13,52,13,52,13,4,60,0.3
,"Hearts of palm, canned",66,2,2,3,tr,18,77,18,77,43,281,117,2.1
,"Kale, chopped, boiled, drained",69,125mL,1,4,tr,19,80,19,80,19,16,157,0.6
,"Leeks, chopped, boiled, drained",55,125mL,tr,4,tr,17,71,17,71,9,5,48,0.6
,"Lettuce, Boston, shredded",58,250mL,1,1,tr,8,31,8,31,19,3,138,0.7
,"Lettuce, iceberg, shredded",58,250mL,1,2,tr,8,34,8,34,12,6,82,0.2
,"Lettuce, looseleaf, shredded",59,250mL,1,2,tr,9,37,9,37,17,17,115,0.5
,"Lettuce, romaine, shredded",59,250mL,1,2,tr,10,42,10,42,18,5,146,0.6
,"Lettuce, spring mix (mesclun)",58,250mL,1,2,tr,12,50,12,50,23,21,202,0.7
,"Mushrooms, pieces, canned, drained",82,125mL,2,4,tr,21,87,21,87,54,350,106,0.7
,"Mushrooms, portobello, grilled",85,125mL,4,4,1,30,124,30,124,128,9,443,0.5
,"Mushrooms, raw",54,3 medium,2,2,tr,12,50,12,50,46,2,170,0.3
,"Mushrooms, shiitake, sliced, stir-fried",57,125mL,2,4,tr,27,115,27,115,63,3,186,0.3
,"Mushrooms, white, sliced, stir-fried",57,125mL,2,2,tr,15,62,15,62,60,7,226,0.1
,"Onions, green (scallion), raw",15,1 medium,tr,1,tr,5,20,5,20,6,2,41,0.2
,"Onions, yellow, chopped, raw",41,60mL,tr,4,tr,17,71,17,71,11,1,58,0.1
,"Onions, yellow, chopped, sauteed",46,125mL,tr,4,5,61,254,61,254,15,6,61,0.1
,"Parsnip, sliced, boiled, drained",82,125mL,1,14,tr,59,245,59,245,57,8,302,0.5
,"Peas, green, canned, drained",90,125mL,4,11,tr,62,260,62,260,60,226,155,0.9
,"Peas, green, frozen, boiled, drained",85,125mL,4,12,tr,66,276,66,276,65,61,93,1.3
,"Peas, snowpeas, boiled, drained",85,125mL,3,6,tr,36,149,36,149,46,3,203,1.7
,"Peas, snowpeas, raw",34,10,1,3,tr,14,60,14,60,18,1,68,0.7
,"Pepper, jalapeno, raw",14,1,tr,1,tr,4,18,4,18,4,tr,30,0.1
,"Pepper, sweet, green, raw",82,  1/2 ,1,4,tr,16,69,16,69,16,2,144,0.3
,"Pepper, sweet, green, sauteed",74,125mL,1,3,9,95,396,95,396,11,13,100,0.2
,"Pepper, sweet, red, raw",60,  1/2 ,1,4,tr,15,65,15,65,15,1,126,0.3
,"Pepper, sweet, red, sauteed",74,125mL,1,5,9,99,413,99,413,17,16,144,0.4
,"Pepper, sweet, yellow, raw",93,  1/2 ,1,6,tr,25,105,25,105,22,2,197,0.4
,"Pepper, sweet, yellow, sauteed",74,125mL,1,5,2,36,149,36,149,18,175,153,0.3
,"Potato, baked, flesh",156,1,3,34,tr,145,607,145,607,78,8,610,0.5
,"Potato, baked, flesh and skin",173,1,4,37,tr,161,673,161,673,121,17,926,1.9
,"Potato, boiled without skin",135,1,2,27,tr,116,486,116,486,54,7,443,0.4
,"Potato, boiled, flesh and skin",150,1,3,30,tr,129,540,129,540,67,7,572,1.3
,"Potato, canned, drained",140,4,2,19,tr,84,351,84,351,39,307,321,1.8
,"Potato, microwaved, flesh and skin",202,1,5,49,tr,212,887,212,887,212,16,903,2.5
,"Potato, microwaved, peeled after cooking",156,1,3,36,tr,156,652,156,652,170,11,641,0.6
,"Potatoes, French fried, frozen, home-prepared in oven",48,20 strips,2,15,4,96,403,96,403,40,14,201,0.6
,"Potatoes, hashed brown, plain, frozen, heated",82,125mL,3,23,9,180,752,180,752,59,28,359,1.2
,"Potatoes, mashed, dried, 2% milk and margarine added",111,125mL,3,15,4,107,447,107,447,59,284,235,0.2
,"Potatoes, mashed, homemade with 2% milk and margarine",111,125mL,2,19,4,116,487,116,487,51,327,321,0.3
,"Potatoes, scalloped, from mix with water, 2% milk and margarine",129,125mL,3,16,5,120,502,120,502,81,420,243,0.4
,"Potatoes, scalloped, homemade",129,125mL,4,14,5,111,466,111,466,82,434,489,0.7
,"Pumpkin, canned",129,125mL,1,10,tr,44,184,44,184,45,6,267,1.8
,"Radicchio, chopped",21,125mL,tr,1,tr,5,20,5,20,8,5,64,0.1
,Radishes,14,3 medium,tr,tr,tr,2,9,2,9,3,5,31,tr
,"Rutabaga (yellow turnip), diced, boiled, drained",90,125mL,1,8,tr,35,146,35,146,50,18,293,0.5
,"Sauerkraut, canned, not drained",75,125mL,1,3,tr,14,59,14,59,15,496,128,1.1
,"Seaweed, dulse, dried",4,60mL,1,1,tr,8,35,8,35,14,11,84,0.4
,"Spinach, boiled, drained",95,125mL,3,4,tr,22,91,22,91,53,67,443,3.4
,"Spinach, chopped, raw",32,250mL,1,1,tr,7,30,7,30,16,25,177,0.9
,"Squash, acorn, cubed, baked",108,125mL,1,16,tr,61,253,61,253,49,4,473,1
,"Squash, butternut, cubed, baked",108,125mL,1,11,tr,43,181,43,181,29,4,308,0.6
,"Squash, spaghetti, baked",82,125mL,1,5,tr,22,93,22,93,11,15,96,0.3
,"Sweet potato, baked, peeled after cooking",57,  1/2 ,1,12,tr,51,214,51,214,31,21,271,0.4
,"Sweet potato, boiled without skin",76,  1/2 ,1,13,tr,57,240,57,240,24,20,174,0.5
,"Swiss chard, chopped, boiled, drained",92,125mL,2,4,tr,18,78,18,78,31,165,508,2.1
,"Tomatoes, canned, stewed",135,125mL,1,8,tr,35,147,35,147,27,298,279,1.8
,"Tomatoes, canned, whole",127,125mL,1,5,tr,22,90,22,90,24,162,238,1.2
,"Tomatoes, raw",123,1,1,5,tr,22,92,22,92,30,6,292,0.3
,"Tomatoes, sun-dried",2,1 piece,tr,1,tr,5,22,5,22,7,42,69,0.2
,"Tomatoes, sun-dried, packed in oil, drained",3,1 piece,tr,1,tr,6,27,6,27,4,8,47,0.1
,"Turnip (white turnip), cubed, boiled, drained",82,125mL,1,4,tr,18,76,18,76,21,13,146,0.1
,"Vegetables, Asian mix  (broccoli, carrots, green beans, ""mini corn"", snow peas, sweet red pepper), frozen, boiled, drained",74,125mL,1,6,tr,29,122,29,122,32,15,128,0.5
,"Vegetables, broccoli and cauliflower, frozen, boiled, drained",95,125mL,2,4,tr,22,93,22,93,38,20,152,0.5
,"Vegetables, mixed (corn, lima beans, snap beans, peas, carrots), frozen, boiled, drained",96,125mL,3,13,tr,63,262,63,262,49,34,163,0.8
,"Vegetables, peas and carrots, canned, not drained",135,125mL,3,11,tr,51,214,51,214,62,350,135,1
,"Zucchini, raw, slices",40,4,tr,1,tr,6,27,6,27,15,4,104,0.1
,"Zucchini, sliced, boiled, drained",95,125mL,1,4,tr,15,64,15,64,38,3,241,0.3
,VEGETABLE JUICES AND OTHER PRODUCTS,,,,,,,,,,,,,
,Carrot juice,125,125mL,1,12,tr,50,208,50,208,52,36,364,0.6
,"Coleslaw with dressing, homemade",63,125mL,1,8,2,44,183,44,183,20,15,115,0.4
,"Potato salad, homemade",132,125mL,4,14,15,205,858,205,858,66,579,276,0.7
,Tomato clam cocktail,128,125mL,1,14,tr,61,257,61,257,14,462,114,0.2
,Tomato juice,128,125mL,1,5,tr,22,91,22,91,23,345,294,0.6
,"Tomato juice, without added salt",184,125mL,1,8,tr,31,131,31,131,33,18,421,0.8
,"Tomato sauce for spaghetti, canned",132,125mL,2,21,6,143,600,143,600,47,652,505,0.9
,"Tomato sauce, canned",129,125mL,2,10,tr,41,173,41,173,34,678,428,1.3
,Vegetable juice cocktail,128,125mL,1,6,tr,24,101,24,101,22,345,247,0.5
,"Vegetable juice cocktail, low sodium",128,125mL,1,6,tr,28,118,28,118,22,89,247,0.5
SWEETS AND SUGARS,Brown sugar,5,5mL,0,5,0,18,73,18,73,1,2,16,0.1
SWEETS AND SUGARS,Honey,7,5mL,tr,6,0,22,91,22,91,tr,tr,4,tr
SWEETS AND SUGARS,Icing sugar (powdered),3,5mL,0,2,tr,10,41,10,41,0,tr,0,tr
SWEETS AND SUGARS,"Sugar substitute, aspartame (EqualTM)",1,1 packet,tr,1,0,4,15,4,15,0,0,0,0
SWEETS AND SUGARS,"Sugar substitute, sucralose (SplendaTM)",1,5mL,0,tr,0,2,7,2,7,0,0,0,0
SWEETS AND SUGARS,White sugar (granulated),4,5mL,0,4,0,16,68,16,68,0,0,0,0
SWEETS AND SUGARS,SYRUP AND MOLASSES,,,,,,,,,,,,,
SWEETS AND SUGARS,"Chocolate syrup, thin type",20,15mL,1,26,tr,110,461,110,461,51,28,89,0.8
SWEETS AND SUGARS,Corn syrup,21,15mL,0,16,0,59,249,59,249,2,32,9,0.1
SWEETS AND SUGARS,Maple syrup,20,15mL,0,14,tr,55,230,55,230,tr,2,46,0.2
SWEETS AND SUGARS,Molasses,21,15mL,0,16,tr,62,257,62,257,7,8,311,1.0
SWEETS AND SUGARS,Pancake syrup,20,15mL,0,12,0,47,195,47,195,2,16,3,tr
SWEETS AND SUGARS,PRESERVES,,,,,,,,,,,,,
SWEETS AND SUGARS,Double fruit jam type spread,19,15mL,tr,10,tr,42,177,42,177,,6,,0.1
SWEETS AND SUGARS,"Double fruit jam type spread, reduced sugar",17,15mL,tr,5,tr,23,95,23,95,,3,,0.1
SWEETS AND SUGARS,Jams and preserves,20,15mL,tr,14,tr,56,234,56,234,4,6,16,0.1
SWEETS AND SUGARS,Jelly,21,15mL,tr,15,tr,56,235,56,235,1,6,11,tr
SWEETS AND SUGARS,Marmalade,20,15mL,tr,13,0,50,207,50,207,1,11,7,tr
SWEETS AND SUGARS,TOPPINGS AND SPREADS,,,,,,,,,,,,,
SWEETS AND SUGARS,"Chocolate topping, fudge-type",39,30mL,2,24,3,135,564,135,564,65,133,174,0.6
SWEETS AND SUGARS,"Pie filling, cherry, canned",25,30mL,tr,7,tr,29,121,29,121,4,5,26,0.1
SWEETS AND SUGARS,"Spread, chocolate hazelnut (NutellaTM)",38,30mL,tr,4,2,36,152,36,152,10,3,27,0.3
SWEETS AND SUGARS,"Topping or spread, butterscotch",42,30mL,1,27,tr,105,438,105,438,20,145,35,0.1
SWEETS AND SUGARS,"Topping, strawberry",43,30mL,tr,29,tr,110,458,110,458,2,9,22,0.1
SWEETS AND SUGARS,CANDIES,,,,,,,,,,,,,
SWEETS AND SUGARS,Butterscotch,5,1 piece,tr,5,tr,21,87,21,87,tr,21,0,tr
SWEETS AND SUGARS,"Candy, chocolate covered, sweetened with sorbitol",5, 1 piece,1,2,2,29,120,29,120,17,5,30,0.1
SWEETS AND SUGARS,Caramel,40,4,2,31,3,154,646,154,646,46,99,86,0.1
SWEETS AND SUGARS,Chewing gum,3,1 stick,0,2,tr,7,31,7,31,0,tr,0,0
SWEETS AND SUGARS,"Chewing gum, sugarless",2,1 stick,0,2,tr,5,22,5,22,0,tr,0,0
SWEETS AND SUGARS,Fruit leather,14,1 roll,tr,12,tr,52,217,52,217,4,44,41,0.1
SWEETS AND SUGARS,"Fudge, chocolate, homemade",17,1 piece,tr,13,2,70,292,70,292,12,8,22,0.3
SWEETS AND SUGARS,"Fudge, vanilla, homemade",22,1 piece,tr,18,1,84,353,84,353,6,11,10,tr
SWEETS AND SUGARS,Gumdrops,36,10 gumdrops,0,36,0,143,596,143,596,tr,16,2,0.1
SWEETS AND SUGARS,Hard candy,6,1,0,6,tr,24,99,24,99,tr,2,0,tr
SWEETS AND SUGARS,"Hard candy, reduced sugar",3,1,0,3,0,11,47,11,47,0,0,0,0
SWEETS AND SUGARS,Jellybeans,28,10 beans,0,26,tr,105,439,105,439,1,14,10,tr
SWEETS AND SUGARS,"Licorice, strawberry (TwizzlersTM)",38,3 strips,1,30,1,132,553,132,553,,108,,0.2
SWEETS AND SUGARS,Marshmallows,7,1,tr,6,tr,23,96,23,96,1,6,0,tr
SWEETS AND SUGARS,Sesame crunch,35,4 pieces,4,18,12,181,757,181,757,148,58,113,1.5
SWEETS AND SUGARS,SkittlesTM,11,10 candies,tr,10,tr,43,181,43,181,tr,2,1,tr
SWEETS AND SUGARS,Toffee,12,1 piece,tr,8,4,67,281,67,281,4,16,6,tr
SWEETS AND SUGARS,CHOCOLATE BARS,,,,,,,,,,,,,
SWEETS AND SUGARS,"Almonds, chocolate covered",32,10,4,15,12,180,752,180,752,,16,,0.8
SWEETS AND SUGARS,"Caramel coated cookies, chocolate covered (TwixTM)",58,1 package,3,38,14,289,1210,289,1210,63,112,110,0.5
SWEETS AND SUGARS,"Caramel with nuts, chocolate covered (TurtlesTM)",28,2,3,17,6,132,550,132,550,46,7,125,0.5
SWEETS AND SUGARS,"Caramel, chocolate covered (RoloTM, CaramilkTM)",52,1 bar,3,35,11,246,1031,246,1031,37,98,98,0.2
SWEETS AND SUGARS,"Chocolate covered wafer (Kit KatTM, Coffee CrispTM)",42,1 bar,3,27,11,218,910,218,910,57,23,97,0.4
SWEETS AND SUGARS,"Chocolate malt-nougat and caramel, chocolate covered (MarsTM)",58,1 bar,3,42,9,245,1026,245,1026,84,139,140,0.4
SWEETS AND SUGARS,"Chocolate, candy coated (M&M'STM , SmartiesTM)",142,1 package,7,97,33,713,2985,713,2985,236,97,416,1.7
SWEETS AND SUGARS,"Chocolate, semisweet, bars or chips",43,60mL,2,27,13,204,853,204,853,56,5,156,1.3
SWEETS AND SUGARS,"Coconut candy, chocolate covered (BountyTM, Almond JoyTM)",49,1 bar,2,29,13,235,981,235,981,55,70,124,0.6
SWEETS AND SUGARS,"Fondant, chocolate covered (After EightTM)",16,2 pieces,tr,13,2,59,246,59,246,,2,,0.3
SWEETS AND SUGARS,"Fudge, caramel and nuts, chocolate covered (Oh Henry!TM)",63,1 bar,5,41,14,289,1208,289,1208,88,144,203,0.4
SWEETS AND SUGARS,Milk chocolate and crisped rice (Nestle CrunchTM),40,1 bar,2,26,11,209,873,209,873,81,53,138,0.2
SWEETS AND SUGARS,"Milk chocolate, bars or chips",50,1 bar,4,30,15,268,1119,268,1119,104,40,186,1.2
SWEETS AND SUGARS,Peanut butter cups (Reese'sTM),51,3 cups,5,28,16,263,1099,263,1099,82,160,175,0.6
SWEETS AND SUGARS,"Peanuts, chocolate covered",40,10,5,20,13,208,868,208,868,85,16,201,0.5
SWEETS AND SUGARS,"Raisins, chocolate covered (GlosetteTM)",10,10 pieces,tr,7,1,39,163,39,163,14,4,51,0.2
SWEETS AND SUGARS,"Toffee, chocolate covered (SkorTM)",39,1 bar,1,24,13,209,872,209,872,24,124,60,0.2
SWEETS AND SUGARS,FROZEN DESSERTS,,,,,,,,,,,,,
SWEETS AND SUGARS,Chocolate ice milk bar (FudgesicleTM),51,1,3,14,tr,65,271,65,271,,48,,0.5
SWEETS AND SUGARS,"Frozen yogourt, chocolate",91,125mL,3,20,3,116,484,116,484,81,57,213,0.4
SWEETS AND SUGARS,"Frozen yogourt, vanilla, soft serve",76,125mL,3,18,4,124,519,124,519,98,66,161,0.2
SWEETS AND SUGARS,Fruit and juice bar,77,1,1,16,tr,63,264,63,264,5,3,41,0.1
SWEETS AND SUGARS,"Ice cream cone, vanilla, chocolate covered, with nuts",78,1,5,23,14,222,928,222,928,117,54,208,0.8
SWEETS AND SUGARS,"Ice cream cone, vanilla, soft serve",150,1,7,43,7,266,1110,266,1110,154,116,305,0.5
SWEETS AND SUGARS,Ice cream sandwich,59,1,3,22,6,143,598,143,598,63,36,122,0.6
SWEETS AND SUGARS,"Ice cream, chocolate",70,125mL,3,20,8,151,630,151,630,75,53,174,0.6
SWEETS AND SUGARS,"Ice cream, dairy free",87,125mL,4,21,16,237,990,237,990,59,216,64,1.2
SWEETS AND SUGARS,"Ice cream, strawberry",70,125mL,2,19,6,134,560,134,560,70,42,131,0.1
SWEETS AND SUGARS,"Ice cream, vanilla, low fat",93,125mL,5,20,2,117,490,117,490,113,65,205,0.1
SWEETS AND SUGARS,"Ice cream, vanilla, low fat, aspartame sweetened",69,125mL,3,15,5,106,445,106,445,52,66,135,0.1
SWEETS AND SUGARS,"Ice cream, vanilla, premium",113,125mL,4,25,18,282,1177,282,1177,119,69,178,0.4
SWEETS AND SUGARS,"Ice cream, vanilla, regular",76,125mL,3,18,8,153,640,153,640,80,61,151,0.1
SWEETS AND SUGARS,Popsicles,75,1,0,14,0,54,226,54,226,0,9,3,0
SWEETS AND SUGARS,"Sherbet, orange",78,125mL,1,24,2,113,471,113,471,31,36,75,0.1
SWEETS AND SUGARS,"Soft serve ice cream with OreoTM cookies (BlizzardTM, McFlurryTM)",275,1 small,13,89,20,575,2404,575,2404,279,368,564,4.7
SWEETS AND SUGARS,OTHER DESSERTS,,,,,,,,,,,,,
SWEETS AND SUGARS,"Chocolate mousse, homemade",213,125mL,9,34,34,480,2008,480,2008,250,81,305,1.2
SWEETS AND SUGARS,"Gelatin dessert, calorie-reduced, prepared (JelloTM)",124,125mL,1,5,0,25,104,25,104,84,59,1,tr
SWEETS AND SUGARS,"Gelatin dessert, prepared (JelloTM)",143,125mL,2,20,0,88,369,88,369,31,107,1,tr
MIXED DISHES,Burrito with beans and cheese,93,1,,27,6,189,790,189,790,90,583,248,1.1
MIXED DISHES,"Burrito with beef, cheese and chilli",152,1,,32,12,316,1322,316,1322,158,1046,333,3.9
MIXED DISHES,Nachos with cheese,113,15-20 nachos,,36,19,346,1446,346,1446,276,816,172,1.3
MIXED DISHES,Quesadilla with meat,184,1,,40,38,627,2622,627,2622,457,1265,319,3.9
MIXED DISHES,Taco salad,129,250mL,,13,11,193,807,193,807,138,452,275,1.3
MIXED DISHES,"Taco with beef, cheese, salsa + vegetables",78,1,,12,9,168,704,168,704,93,366,216,1.1
MIXED DISHES,SANDWICHES,,,,,,,,,,,,,
MIXED DISHES,Club sandwich,246,1,,47,26,558,2335,558,2335,347,1152,480,4.5
MIXED DISHES,Hot chicken sandwich,284,1,,31,10,388,1621,388,1621,327,1344,519,4.7
MIXED DISHES,"Sandwich, egg salad",157,1,,27,35,479,2003,479,2003,187,693,155,2.9
MIXED DISHES,"Sandwich, ham",121,1,,28,10,260,1089,260,1089,139,1132,229,2.5
MIXED DISHES,"Sandwich, roast beef, plain",139,1,,33,14,346,1447,346,1447,239,792,316,4.2
MIXED DISHES,"Sandwich, salmon salad",162,1,,33,16,340,1422,340,1422,257,818,271,2.5
MIXED DISHES,"Sandwich, tuna salad",162,1,,33,18,371,1552,371,1552,233,745,220,2.9
MIXED DISHES,SALADS,,,,,,,,,,,,,
MIXED DISHES,Caesar salad,228,250mL,,12,29,335,1401,335,1401,146,644,496,2.4
MIXED DISHES,Caesar salad with chicken,327,500mL,,12,31,491,2055,491,2055,146,718,890,2.9
MIXED DISHES,Garden Salad,77,250mL,,4,4,47,198,47,198,16,216,135,0.3
MIXED DISHES,Greek Salad,111,250mL,,4,13,139,580,139,580,85,315,130,0.6
MIXED DISHES,Pasta salad with vegetables,187,250mL,,33,10,245,1001,245,1001,69,1273,173,1.8
MIXED DISHES,PASTA ,,,,,,,,,,,,,
MIXED DISHES,Lasagna with meat (7.5cm x 9cm),232,1 piece,,37,14,364,1523,364,1523,280,623,428,3.2
MIXED DISHES,"Lasagna, vegetarian (7.5cm x 9cm)",256,1 piece,,46,11,355,1485,355,1485,290,737,423,3.2
MIXED DISHES,Macaroni and cheese (Kraft DinnerTM),202,250mL,,49,17,395,1653,395,1653,194,784,162,2.2
MIXED DISHES,Macaroni casserole with beef and tomato soup,263,250mL,,32,10,319,1334,319,1334,186,376,399,3.5
MIXED DISHES,Spaghetti with cream sauce,211,250mL,,47,2,250,1047,250,1047,140,111,140,2.2
MIXED DISHES,Spaghetti with meat sauce,262,250mL,,50,14,401,1678,401,1678,216,1008,761,4.7
MIXED DISHES,OTHER,,,,,,,,,,,,,
MIXED DISHES,"Beef pot pie, commercial, individual",227,1 serving,,57,38,638,2667,638,2667,109,1203,293,2.3
MIXED DISHES,Beef stew,259,250mL,,14,4,168,701,168,701,183,604,496,2.2
MIXED DISHES,Butter chicken,258,250mL,,13,23,368,1538,368,1538,307,740,669,2.4
MIXED DISHES,Chicken fajita,223,1 fajita,,50,8,350,1462,350,1462,183,540,405,3.4
MIXED DISHES,"Chicken pot pie, commercial, individual",227,1 serving,,37,29,494,2065,494,2065,195,347,349,3.0
MIXED DISHES,Pad Tha,171,250ml,,26,6,220,920,220,920,56,344,258,0.9
MIXED DISHES,Poutine,165,250mL,,25,26,380,1587,380,1587,261,755,387,1.4
MIXED DISHES,"Samosa, vegetarian",100,2,,32,18,306,1280,306,1280,70,795,178,1.8
MIXED DISHES,Shepherd's pie,257,250mL,,40,17,389,1628,389,1628,213,584,766,1.9
MIXED DISHES,Stir fry with beef,229,250mL,,20,14,290,1213,290,1213,211,888,534,2.7
MIXED DISHES,Stir fry with chicken,171,250mL,,8,17,255,1067,255,1067,165,552,387,1.3
MIXED DISHES,Stir fry with tofu,171,250mL,,10,10,183,767,183,767,141,493,326,1.8
MIXED DISHES,Sushi with fish,104,4,,35,tr,164,684,164,684,66,666,142,0.5
MIXED DISHES,"Sushi with vegetables, no fish",104,4,,27,tr,122,510,122,510,38,100,60,0.2
MIXED DISHES,Sweet and sour meatballs,258,6,,33,26,472,2322,472,2322,243,931,409,3.3
MIXED DISHES,"Tourtiere, homemade (20cm diam)",113,  1/6 ,,23,17,307,1283,307,1283,157,352,273,1.9
FATS AND OILS,"Becel, tub, calorie-reduced, canola and safflower oils (non-hydrogenated)",5,5mL,tr,tr,2,17,70,17,70,1,46,1,0
FATS AND OILS,"Becel, tub, canola and safflower oils (non-hydrogenated)",5,5mL,tr,tr,4,34,144,34,144,1,52,2,0
FATS AND OILS,Butter,5,5mL,tr,tr,4,34,144,34,144,1,28,1,tr
FATS AND OILS,"Chefmaster, tub, unspecified vegetable oils (hydrogenated)",5,5mL,tr,tr,4,34,144,34,144,1,52,2,0
FATS AND OILS,"Imperial, stick, soy and canola oils (hydrogenated)",5,5mL,tr,tr,4,34,141,34,141,tr,31,1,tr
FATS AND OILS,"Imperial, tub, soya oil (non-hydrogenated)",5,5mL,tr,tr,4,34,144,34,144,1,52,2,0
FATS AND OILS,"Lactantia, tub, soya oil (hydrogenated)",5,5mL,tr,tr,4,34,144,34,144,1,52,2,0
FATS AND OILS,"Margarine, tub, composite",5,5mL,tr,tr,4,34,144,34,144,1,52,2,0
FATS AND OILS,Spread (20% butter / 80% margarine),5,5mL,tr,tr,4,34,141,34,141,1,43,2,tr
FATS AND OILS,Spread (50% butter / 50% margarine),5,5mL,tr,tr,4,33,137,33,137,1,40,2,tr
FATS AND OILS,OILS,,,,,,,,,,,,,
FATS AND OILS,Canola,14,15mL,0,0,14,125,525,125,525,0,0,0,0
FATS AND OILS,Corn,14,15mL,0,0,14,122,510,122,510,0,0,0,0
FATS AND OILS,Flaxseed,14,15mL,0,0,14,122,511,122,511,0,0,0,0
FATS AND OILS,Grapeseed,14,15mL,0,0,14,122,510,122,510,0,0,0,0
FATS AND OILS,Olive,14,15mL,0,0,14,121,506,121,506,0,tr,0,0.1
FATS AND OILS,Peanut,14,15mL,0,0,14,121,506,121,506,0,0,0,tr
FATS AND OILS,Sesame,14,15mL,0,0,14,122,510,122,510,0,0,0,0
FATS AND OILS,Soybean,14,15mL,0,0,14,122,510,122,510,0,0,0,tr
FATS AND OILS,Sunflower,14,15mL,0,0,14,122,510,122,510,0,0,0,0
FATS AND OILS,OTHER,,,,,,,,,,,,,
FATS AND OILS,Bacon grease,12,15mL,0,0,12,110,459,110,459,0,18,0,0
FATS AND OILS,Lard,13,15mL,0,0,13,117,489,117,489,0,0,0,0
FATS AND OILS,Shortening,13,15mL,0,0,13,115,481,115,481,0,1,0,tr
FATS AND OILS,SALAD DRESSINGS,,,,,,,,,,,,,
FATS AND OILS,Blue cheese,16,15mL,1,1,8,78,327,78,327,11,170,6,tr
FATS AND OILS,"Blue cheese, low Calorie",16,15mL,1,tr,1,15,64,15,64,13,186,1,0.1
FATS AND OILS,Creamy Caesar,15,15mL,tr,tr,9,79,329,79,329,3,161,4,tr
FATS AND OILS,"Creamy Caesar, low Calorie",15,15mL,tr,3,1,17,70,17,70,3,164,4,tr
FATS AND OILS,"Creamy dressing, fat-free",16,15mL,tr,5,tr,21,90,21,90,0,130,14,0.1
FATS AND OILS,French,16,15mL,tr,2,7,72,303,72,303,3,133,11,0.1
FATS AND OILS,"French, low fat",16,15mL,tr,4,2,33,138,33,138,2,165,13,0.1
FATS AND OILS,Italian,15,15mL,tr,2,4,43,181,43,181,1,246,7,0.1
FATS AND OILS,"Italian, low Calorie",15,15mL,tr,1,1,11,48,11,48,2,208,13,0.1
FATS AND OILS,Mayonnaise,14,15mL,tr,1,11,100,419,100,419,4,79,5,0.1
FATS AND OILS,"Mayonnaise, light",16,15mL,tr,1,5,51,215,51,215,6,107,6,0.1
FATS AND OILS,"Non creamy dressing, fat-free",15,15mL,tr,1,tr,7,29,7,29,16,165,15,0.1
FATS AND OILS,Oil and vinegar,16,15mL,0,tr,8,73,305,73,305,0,tr,1,0
FATS AND OILS,Ranch,15,15mL,tr,1,8,71,297,71,297,24,120,9,0.1
FATS AND OILS,"Ranch, low fat",16,15mL,tr,3,3,36,149,36,149,31,151,21,0.1
FATS AND OILS,"Salad dressing, mayonnaise type",15,15mL,tr,4,5,58,243,58,243,4,106,1,tr
FATS AND OILS,"Salad dressing, mayonnaise type, fat-free",16,15mL,tr,3,tr,14,57,14,57,1,128,8,tr
FATS AND OILS,"Salad dressing, mayonnaise type, light",15,15mL,0,2,4,44,184,44,184,,117,0,0
FATS AND OILS,Thousand Island,16,15mL,tr,2,6,59,245,59,245,4,137,17,0.2
FATS AND OILS,"Thousand Island, low Calorie",16,15mL,tr,3,2,32,132,32,132,2,129,31,0.1
"BISCUITS, CROISSANTS, AND MUFFINS","Biscuit, plain or buttermilk, fast food",51,1,3,25,8,186,776,186,776,219,537,114,1.7
"BISCUITS, CROISSANTS, AND MUFFINS","Biscuit, plain or buttermilk, from mix, baked",30,1,2,14,4,97,404,97,404,136,273,55,0.6
"BISCUITS, CROISSANTS, AND MUFFINS","Biscuit, plain or buttermilk, homemade",60,1,4,27,10,212,888,212,888,98,348,73,1.7
"BISCUITS, CROISSANTS, AND MUFFINS","Biscuit, plain, refrigerated dough, baked",27,1,2,13,4,93,391,93,391,104,325,42,0.7
"BISCUITS, CROISSANTS, AND MUFFINS","Croissant, butter",57,1,5,26,12,231,968,231,968,60,424,67,1.2
"BISCUITS, CROISSANTS, AND MUFFINS","Muffin, blueberry, from mix, prepared",54,1,3,24,5,149,623,149,623,93,216,41,0.6
"BISCUITS, CROISSANTS, AND MUFFINS","Muffin, bran, from mix, prepared",55,1,4,27,5,159,666,159,666,189,271,84,1.5
"BISCUITS, CROISSANTS, AND MUFFINS","Muffin, bran, homemade",57,1,4,32,8,199,833,199,833,129,242,363,2.3
"BISCUITS, CROISSANTS, AND MUFFINS","Muffin, carrot, commercial",113,1,7,49,14,344,1439,344,1439,117,396,208,2.2
"BISCUITS, CROISSANTS, AND MUFFINS","Muffin, chocolate chip, commercial",113,1,8,53,14,366,1530,366,1530,147,341,192,2.9
"BISCUITS, CROISSANTS, AND MUFFINS","Muffin, fruit, commercial",113,1,6,54,7,313,1309,313,1309,223,505,139,1.8
"BISCUITS, CROISSANTS, AND MUFFINS","Muffin, fruit, homemade",57,1,4,23,6,162,679,162,679,83,251,70,1.3
"BISCUITS, CROISSANTS, AND MUFFINS","COOKIES, GRANOLA BARS AND OTHER BARS",,,,,,,,,,,,,
"BISCUITS, CROISSANTS, AND MUFFINS","Breakfast bar, Oatmeal to GoTM",47,1,3,33,5,197,825,197,825,,202,102,4.2
"BISCUITS, CROISSANTS, AND MUFFINS","Cereal bar, fruit filled, Nutri-GrainTM",37,1,2,26,3,135,566,135,566,43,96,72,0.6
"BISCUITS, CROISSANTS, AND MUFFINS","Chocolate chip, commercial",20,2,1,13,5,98,409,98,409,23,59,30,0.7
"BISCUITS, CROISSANTS, AND MUFFINS","Chocolate chip, homemade",32,2,2,19,9,156,653,156,653,32,116,72,0.8
"BISCUITS, CROISSANTS, AND MUFFINS","Chocolate chip, refrigerated dough, baked",24,2,1,16,5,118,494,118,494,18,56,48,0.6
"BISCUITS, CROISSANTS, AND MUFFINS",Chocolate coated marshmallow,30,2,1,21,4,129,541,129,541,29,46,43,0.9
"BISCUITS, CROISSANTS, AND MUFFINS",Chocolate sandwich,20,2,1,14,4,93,390,93,390,18,97,37,2.1
"BISCUITS, CROISSANTS, AND MUFFINS","Coconut macaroons, homemade",48,2,2,35,6,194,811,194,811,21,119,75,0.4
"BISCUITS, CROISSANTS, AND MUFFINS",Fig,32,2,1,23,2,111,466,111,466,20,112,66,0.9
"BISCUITS, CROISSANTS, AND MUFFINS",Ginger snaps,14,2,1,11,1,58,244,58,244,12,92,48,0.9
"BISCUITS, CROISSANTS, AND MUFFINS","Graham crackers, plain or honey",14,2,1,11,1,59,248,59,248,15,85,19,0.5
"BISCUITS, CROISSANTS, AND MUFFINS","Granola bar, hard, chocolate chip",24,1,2,17,4,105,440,105,440,49,83,60,0.7
"BISCUITS, CROISSANTS, AND MUFFINS","Granola bar, hard, plain",25,1,3,16,5,118,493,118,493,69,74,84,0.7
"BISCUITS, CROISSANTS, AND MUFFINS","Granola bar, soft, chocolate chip, graham and marshmallow",26,1,1,20,3,109,454,109,454,53,90,48,0.6
"BISCUITS, CROISSANTS, AND MUFFINS","Granola bar, soft, nuts and raisins",28,1,2,18,6,127,532,127,532,67,71,110,0.6
"BISCUITS, CROISSANTS, AND MUFFINS","Granola bar, soft, peanut butter, chocolate coated",37,1,4,20,12,188,788,188,788,84,71,125,0.5
"BISCUITS, CROISSANTS, AND MUFFINS","Granola bar, soft, plain",28,1,2,19,5,124,519,124,519,64,78,91,0.7
"BISCUITS, CROISSANTS, AND MUFFINS",Molasses,30,2,2,22,4,129,539,129,539,29,138,104,1.9
"BISCUITS, CROISSANTS, AND MUFFINS","Muffin bar (Hop&GoTM, Sweet MorningsTM)",50,1,2,30,6,178,746,178,746,26,175,64,0.8
"BISCUITS, CROISSANTS, AND MUFFINS","Oatmeal, with raisins, commercial",26,2,2,18,5,117,489,117,489,36,100,37,0.7
"BISCUITS, CROISSANTS, AND MUFFINS","Oatmeal, without raisins, homemade",30,2,2,20,5,134,561,134,561,50,179,55,0.8
"BISCUITS, CROISSANTS, AND MUFFINS",Peanut butter sandwich,28,2,2,18,6,134,560,134,560,53,103,54,0.7
"BISCUITS, CROISSANTS, AND MUFFINS","Peanut butter, homemade",40,2,4,24,10,190,794,190,794,46,207,92,0.9
"BISCUITS, CROISSANTS, AND MUFFINS","Shortbread, commercial, plain",16,2,1,10,4,80,336,80,336,17,73,16,0.4
"BISCUITS, CROISSANTS, AND MUFFINS","Shortbread, homemade",33,2,2,19,12,185,773,185,773,20,130,20,0.7
"BISCUITS, CROISSANTS, AND MUFFINS",Social TeaTM,10,2,1,7,1,45,187,45,187,11,39,10,0.3
"BISCUITS, CROISSANTS, AND MUFFINS","Sugar cookies, commercial",30,2,2,20,6,143,600,143,600,24,107,19,0.6
"BISCUITS, CROISSANTS, AND MUFFINS","Sugar cookies, homemade",32,2,2,25,4,142,592,142,592,23,72,23,0.6
"BISCUITS, CROISSANTS, AND MUFFINS",Vanilla wafers,12,2,1,9,2,57,237,57,237,8,37,13,0.3
"BISCUITS, CROISSANTS, AND MUFFINS",Cakes,,,,,,,,,,,,,
"BISCUITS, CROISSANTS, AND MUFFINS","Angelfood, commercial (25cm diam)",28,  1/12,2,16,tr,73,306,73,306,9,212,26,0.1
"BISCUITS, CROISSANTS, AND MUFFINS","Angelfood, from mix (25cm diam)",50,  1/12,3,29,tr,129,538,129,538,116,255,68,0.1
"BISCUITS, CROISSANTS, AND MUFFINS","Banana bread, homemade (11cm X 6cm X 1cm)",60,1 slice,3,33,6,196,818,196,818,35,181,80,0.8
"BISCUITS, CROISSANTS, AND MUFFINS","Boston cream pie, commercial",92,  1/6 ,2,39,8,232,970,232,970,45,132,36,0.3
"BISCUITS, CROISSANTS, AND MUFFINS","Brownies, commercial (5cm X 5cm)",34,1 square,2,22,6,138,576,138,576,34,106,51,0.8
"BISCUITS, CROISSANTS, AND MUFFINS","Brownies, homemade (5cm X 5cm)",36,1 square,2,18,10,168,702,168,702,48,123,63,0.7
"BISCUITS, CROISSANTS, AND MUFFINS","Carrot, homemade with cream cheese icing (2 layer, 23cm diam)",133,  1/12,5,70,28,542,2266,542,2266,70,201,131,1.6
"BISCUITS, CROISSANTS, AND MUFFINS","Cheesecake, commercial (15 cm diam)",100,  1/6 ,6,26,23,321,1342,321,1342,93,207,90,0.6
"BISCUITS, CROISSANTS, AND MUFFINS","Cheesecake, from mix, no-bake type (20cm diam)",149,  1/8 ,8,53,19,407,1702,407,1702,347,564,313,0.7
"BISCUITS, CROISSANTS, AND MUFFINS","Cheesecake, plain, homemade with cherry topping (20cm diam)",168,  1/8 ,11,55,23,459,1920,459,1920,124,496,146,1.6
"BISCUITS, CROISSANTS, AND MUFFINS","Chocolate, from mix, with icing (23cm diam)",109,  1/12,4,61,13,362,1513,362,1513,141,396,177,1.6
"BISCUITS, CROISSANTS, AND MUFFINS","Chocolate, frozen, commercial, with chocolate icing (1 layer, 5cm X 20cm diam)",85,  1/6 ,,,,,,,,,,,
"BISCUITS, CROISSANTS, AND MUFFINS","Chocolate, homemade, with icing (2 layer, 23cm diam)",109,  1/12,4,67,16,408,1706,408,1706,91,253,138,2.5
"BISCUITS, CROISSANTS, AND MUFFINS","Coffee cake, cinnamon with crumb topping, commercial",57,  1/10,4,26,13,237,991,237,991,61,199,70,1.1
"BISCUITS, CROISSANTS, AND MUFFINS","Coffee cake, cinnamon with crumb topping, from mix (20cm X 15cm)",45,  1/10,2,24,4,142,596,142,596,96,189,50,0.6
"BISCUITS, CROISSANTS, AND MUFFINS","Fruitcake, commercial",43,1 piece,1,26,4,139,583,139,583,22,116,66,0.9
"BISCUITS, CROISSANTS, AND MUFFINS","Gingerbread, from mix (23cm X 23cm)",69,  1/9 ,3,35,7,212,889,212,889,113,315,166,2.3
"BISCUITS, CROISSANTS, AND MUFFINS","Pound cake, homemade  (23cm X 13cm X 7.5cm)",91,  1/10,5,42,23,391,1633,391,1633,59,368,66,2.1
"BISCUITS, CROISSANTS, AND MUFFINS","Shortcake, biscuit-type, homemade (4cm X 7.5cm diam)",75,1,5,34,8,234,978,234,978,100,459,96,1.7
"BISCUITS, CROISSANTS, AND MUFFINS","Sponge, commercial, individual shell",25,1,1,15,1,72,302,72,302,34,61,25,0.7
"BISCUITS, CROISSANTS, AND MUFFINS","Sponge, homemade (25cm diam)",63,  1/12,5,36,3,187,782,187,782,63,144,89,1
"BISCUITS, CROISSANTS, AND MUFFINS","White, from mix, with icing (2 layer, 23cm diam)",109,  1/12,3,66,10,363,1518,363,1518,138,342,76,0.9
"BISCUITS, CROISSANTS, AND MUFFINS","White, homemade, with icing (2 layer, 23cm diam)",109,  1/12,3,70,9,371,1553,371,1553,41,205,55,1.3
"BISCUITS, CROISSANTS, AND MUFFINS","Yellow, from mix, with icing (2 layer, 23cm diam)",109,  1/12,4,64,11,363,1519,363,1519,137,338,74,1.1
"BISCUITS, CROISSANTS, AND MUFFINS","Yellow, frozen, commercial, with chocolate icing (1 layer, 5cm X 20cm diam)",85,  1/6 ,,,,,,,,,,,
"BISCUITS, CROISSANTS, AND MUFFINS",Pies,,,,,,,,,,,,,
"BISCUITS, CROISSANTS, AND MUFFINS","Apple, commercial, 2 crust (23cm diam)",125,  1/8 ,2,43,14,296,1239,296,1239,30,333,81,0.6
"BISCUITS, CROISSANTS, AND MUFFINS","Apple, homemade, 2 crust (23cm diam)",155,  1/8 ,4,58,19,411,1717,411,1717,43,327,122,1.7
"BISCUITS, CROISSANTS, AND MUFFINS","Banana cream, from mix, no-bake type (23cm diam)",92,  1/8 ,3,29,12,231,966,231,966,154,267,104,0.4
"BISCUITS, CROISSANTS, AND MUFFINS",Butter tart,54,1,2,29,14,248,1038,248,1038,35,164,109,1.1
"BISCUITS, CROISSANTS, AND MUFFINS","Cherry, commercial, 2 crust (23cm diam)",125,  1/8 ,3,50,14,325,1359,325,1359,36,308,101,2
"BISCUITS, CROISSANTS, AND MUFFINS","Chocolate cream, commercial (20cm diam)",113,  1/6 ,3,38,22,344,1436,344,1436,77,154,144,1.2
"BISCUITS, CROISSANTS, AND MUFFINS","Coconut cream, commercial (20cm diam)",64,  1/6 ,1,24,11,191,797,191,797,54,163,42,0.5
"BISCUITS, CROISSANTS, AND MUFFINS","Fried pie, fruit (13cm X 10cm)",128,1,4,55,21,404,1692,404,1692,55,479,83,1.6
"BISCUITS, CROISSANTS, AND MUFFINS","Lemon meringue, commercial (20cm diam)",113,  1/6 ,2,53,10,303,1267,303,1267,119,165,101,0.7
"BISCUITS, CROISSANTS, AND MUFFINS","Mincemeat pie, homemade, 2 crust (23cm diam)",165,  1/8 ,4,79,18,477,1995,477,1995,69,419,335,2.5
"BISCUITS, CROISSANTS, AND MUFFINS","Pecan, commercial (20cm diam)",113,  1/6 ,5,65,21,452,1890,452,1890,87,479,84,1.2
"BISCUITS, CROISSANTS, AND MUFFINS","Pumpkin, commercial (20cm diam)",109,  1/6 ,4,30,10,229,957,229,957,77,307,168,1.5
"BISCUITS, CROISSANTS, AND MUFFINS","Sugar pie, homemade, 1 crust",88,  1/8 ,3,31,31,407,1703,407,1703,59,81,139,1.1
"BISCUITS, CROISSANTS, AND MUFFINS",Other Baked Goods,,,,,,,,,,,,,
"BISCUITS, CROISSANTS, AND MUFFINS","Apple crisp, homemade",128,125mL,2,39,4,206,863,206,863,36,449,100,1
"BISCUITS, CROISSANTS, AND MUFFINS","Bread pudding with raisins, homemade",106,125mL,6,24,5,162,677,162,677,111,252,228,1.2
"BISCUITS, CROISSANTS, AND MUFFINS","Danish pastry, cinnamon (11cm diam)",65,1,5,29,15,262,1095,262,1095,70,241,81,1.3
"BISCUITS, CROISSANTS, AND MUFFINS","Danish pastry, fruit (11cm diam)",71,1,4,34,13,263,1102,263,1102,63,251,59,1.3
"BISCUITS, CROISSANTS, AND MUFFINS","Date squares, homemade",61,1 square,3,37,8,226,944,226,944,61,241,154,2
"BISCUITS, CROISSANTS, AND MUFFINS","Doughnut, cake-type, plain (8cm diam)",47,1,2,23,11,198,828,198,828,126,257,60,0.9
"BISCUITS, CROISSANTS, AND MUFFINS","Doughnut, cake-type, plain, chocolate coated (9cm diam)",57,1,3,27,18,270,1130,270,1130,115,245,112,1.4
"BISCUITS, CROISSANTS, AND MUFFINS","Doughnut, yeast-leavened, honey bun, glazed (9cm x 6cm)",60,1,4,27,14,242,1011,242,1011,56,205,65,1.2
"BISCUITS, CROISSANTS, AND MUFFINS","Doughnut, yeast-leavened, jelly filled (9cm X 6cm)",85,1,5,33,16,289,1209,289,1209,72,249,67,1.5
"BISCUITS, CROISSANTS, AND MUFFINS","Eclairs, custard filled, chocolate glaze",100,1,6,24,16,262,1096,262,1096,107,337,117,1.2
"BISCUITS, CROISSANTS, AND MUFFINS","Rice Krispies SquaresTM, commercial",22,1 square,1,18,2,91,381,91,381,9,77,9,0.3
"BISCUITS, CROISSANTS, AND MUFFINS","Toaster pastries (Pop-TartsTM), brown sugar & cinnamon",50,1,3,34,7,206,862,206,862,67,212,57,2
"BISCUITS, CROISSANTS, AND MUFFINS","Toaster pastries (Pop-TartsTM), fruit, frosted",55,1,2,39,6,215,900,215,900,75,387,81,3.9
,FRUIT,,,,,,,,,,,,,
,Apple with skin (7cm.diam),138,1,tr,19,tr,72,300,72,300,15,1,148,0.2
,"Applesauce, unsweetened",129,125mL,tr,15,tr,55,232,55,232,9,3,97,0.2
,"Apricots, dried",21,6 halves,1,17,tr,67,281,67,281,33,3,389,1.3
,"Apricots, raw",105,3,1,12,tr,50,211,50,211,24,1,272,0.4
,Avocado,101,  1/2 ,2,9,15,161,672,161,672,52,7,487,0.6
,Banana,118,1,1,27,tr,105,439,105,439,26,1,422,0.3
,Blackberries,76,125mL,1,7,tr,33,137,33,137,17,1,123,0.5
,"Blueberries, frozen, unsweetened",82,125mL,tr,10,1,42,174,42,174,9,1,44,0.1
,"Blueberries, raw",77,125mL,1,11,tr,44,182,44,182,9,1,59,0.2
,"Cherries, sweet",68,10,1,11,tr,43,179,43,179,14,0,151,0.2
,Clementine,74,1,1,9,tr,35,146,35,146,16,1,131,0.1
,"Cranberries, dried, sweetened",31,60mL,tr,25,tr,95,396,95,396,2,1,12,0.2
,"Dates, dried",25,3,1,19,tr,70,294,70,294,15,tr,163,0.3
,"Figs, dried",17,2,1,11,tr,42,175,42,175,11,2,114,0.3
,"Figs, raw",50,1,tr,10,tr,37,155,37,155,7,1,116,0.2
,"Fruit cocktail, canned, juice pack",125,125mL,1,15,tr,58,240,58,240,18,5,119,0.3
,"Fruit cocktail, canned, light syrup pack",128,125mL,1,19,tr,73,304,73,304,14,8,114,0.4
,"Fruit salad, tropical, canned, heavy syrup pack",136,125mL,1,30,tr,117,489,117,489,10,3,178,0.7
,"Fruit salad, tropical, canned, juice pack",131,125mL,1,18,tr,70,272,70,272,10,4,160,0.3
,"Grapefruit, pink or red",123,  1/2 ,1,13,tr,52,216,52,216,22,0,166,0.1
,"Grapefruit, white",118,  1/2 ,1,10,tr,39,163,39,163,9,0,175,0.1
,Grapes,100,20,1,18,tr,69,289,69,289,20,2,191,0.4
,Groundcherries,49,10,1,5,tr,26,108,26,108,19,tr,75,0.5
,Kiwifruit,76,1,1,11,tr,46,194,46,194,26,2,237,0.2
,Lychees (litchis),96,10,1,16,tr,63,265,63,265,30,1,164,0.3
,Mango,104,  1/2 ,1,18,tr,67,282,67,282,11,2,161,0.1
,"Melon, cantaloupe, cubes",85,125mL,1,7,tr,29,120,29,120,13,14,226,0.2
,"Melon, honeydew, cubes",90,125mL,tr,8,tr,32,136,32,136,10,16,205,0.2
,"Melon, watermelon, cubes",80,125mL,tr,6,tr,24,100,24,100,9,1,90,0.2
,Nectarine,136,1,1,14,tr,60,250,60,250,35,0,273,0.4
,Orange,131,1,1,15,tr,62,258,62,258,18,0,237,0.1
,"Papaya, cubes",74,125mL,tr,7,tr,29,121,29,121,4,2,190,0.1
,Peach,98,1,1,9,tr,38,160,38,160,20,0,186,0.2
,"Peach, canned halves or slices, juice pack",132,125mL,1,15,tr,58,243,58,243,22,5,169,0.4
,"Peach, canned halves or slices, light syrup pack",133,125mL,1,19,tr,72,300,72,300,15,7,129,0.5
,"Peach, canned halves or slices, water pack",129,125mL,1,8,tr,31,129,31,129,13,4,128,0.4
,Pear with skin,166,1,1,26,tr,96,403,96,403,18,2,198,0.3
,"Pear, canned halves, juice pack",131,125mL,tr,17,tr,66,274,66,274,16,5,126,0.4
,"Pear, canned halves, light syrup pack",133,125mL,tr,20,tr,76,316,76,316,9,7,88,0.4
,"Pear, canned halves, water pack",128,125mL,tr,10,tr,37,155,37,155,9,3,68,0.3
,"Pineapple, canned, juice pack",132,125mL,1,21,tr,79,330,79,330,8,1,160,0.4
,"Pineapple, cubes",82, 125mL,tr,11,tr,42,174,42,174,7,1,88,0.2
,"Plantain, baked or boiled, sliced",81,125mL,1,25,tr,94,395,94,395,23,4,378,0.5
,Plum,66,1,tr,8,tr,30,127,30,127,11,0,104,0.1
,Pomegranate (9.5cm diam),77,  1/2 ,1,13,tr,53,220,53,220,6,2,200,0.2
,"Prunes, dried",25,3,1,16,tr,60,253,60,253,17,1,184,0.2
,"Prunes, dried, cooked, without added sugar",63,60mL,1,18,tr,67,281,67,281,19,1,202,0.3
,Raisins,37,60mL,1,29,tr,110,460,110,460,37,4,275,0.7
,Raspberries,65,125mL,1,8,tr,34,141,34,141,19,1,98,0.4
,"Rhubarb, frozen, cooked, with added sugar",127,125mL,tr,40,tr,147,615,147,615,10,1,122,0.3
,Strawberries,84,7,1,6,tr,27,113,27,113,20,1,129,0.4
,"Strawberries, frozen, unsweetened",117,125mL,1,11,tr,41,170,41,170,15,2,173,0.9
,Tangerine (mandarin),84,1,1,11,tr,45,186,45,186,17,2,139,0.1
,"Tangerine (mandarin), canned, juice pack, drained",100,125mL,1,9,tr,38,159,38,159,11,5,136,0.3
,FRUIT JUICES,,,,,,,,,,,,,
,"Apple juice, ready-to-drink, vitamin C added",126,125mL,tr,15,tr,59,249,59,249,9,4,150,0.5
,"Cranberry juice cocktail, ready-to-drink, vitamin C added",134,125mL,0,19,tr,76,318,76,318,3,3,24,0.2
,"Cranberry juice, unsweetened, ready-to-drink",134,125mL,1,16,tr,61,257,61,257,17,3,103,0.3
,"Cranberry-apple juice-drink, ready-to-drink, low Calorie, vitamin C added",127,125mL,tr,6,0,24,100,24,100,1,6,57,0.1
,"Grape juice, frozen, sweetened, diluted, vitamin C added",132,125mL,tr,17,tr,67,281,67,281,5,3,28,0.1
,"Grape juice, ready-to-drink, vitamin C added",132,125mL,1,20,tr,81,337,81,337,15,4,174,0.3
,"Grapefruit juice, ready-to-drink unsweetened or freshly squeezed",130,125mL,1,12,tr,50,210,50,210,17,1,206,0.3
,"Grapefruit juice, ready-to-drink, sweetened",132,125mL,1,15,tr,61,254,61,254,15,3,214,0.5
,"Lemon juice, canned or bottled",15,15mL,tr,1,tr,3,14,3,14,1,3,16,tr
,"Lime juice, canned or bottled",16,15mL,tr,1,tr,3,14,3,14,2,2,12,tr
,"Nectar, apricot",133,125mL,tr,19,tr,74,310,74,310,12,4,151,0.5
,"Nectar, mango",133,125mL,tr,17,tr,68,281,68,281,3,7,32,0.5
,"Orange and grapefruit juice, ready-to-drink",130,125mL,1,13,tr,56,235,56,235,18,4,206,0.6
,"Orange juice, frozen, diluted",132,125mL,1,14,tr,59,247,59,247,21,1,250,0.1
,"Orange juice, ready-to-drink",132,125mL,1,13,tr,58,242,58,242,14,1,250,0.2
,"Orange juice, ready-to-drink, refrigerated, vitamin D and calcium added",132,125mL,1,13,tr,58,242,58,242,14,1,250,0.2
,"Orange, strawberry and banana juice, ready-to-drink",124,125mL,1,15,tr,57,237,57,237,15,5,124,0.3
,"Pineapple juice, ready-to-drink, vitamin C added",132,125mL,tr,18,tr,74,309,74,309,11,1,177,0.3
,"Pomegranate juice, ready-to-drink",128,125mL,0,20,0,72,300,72,300,,5,215,0
,"Prune juice, ready-to-drink",135,125mL,1,24,tr,96,402,96,402,34,5,373,1.6
FAST FOODS,"Milk shake, chocolate",175,250mL,6,36,6,223,931,223,931,179,170,351,0.5
FAST FOODS,"Milk shake, vanilla",175,250mL,6,31,5,195,814,195,814,179,144,305,0.2
FAST FOODS,SIDE DISHES,,,,,,,,,,,,,
FAST FOODS,French fries,76,20-25 fries,3,29,12,236,989,236,989,101,124,541,1.0
FAST FOODS,Garlic Bread,52,2 slices,5,26,8,192,801,192,801,56,384,65,1.3
FAST FOODS,"Onion rings, breaded and fried",83,8-9,4,31,16,276,1152,276,1152,86,430,129,0.8
FAST FOODS,"Zucchini, breaded and fried, sticks",36,4,1,3,5,60,250,60,250,36,44,81,0.2
FAST FOODS,SANDWICHES,,,,,,,,,,,,,
FAST FOODS,"Breakfast bagel, with ham, egg and cheese",191,1,27,52,18,483,2019,483,2019,397,1259,262,4.1
FAST FOODS,"Breakfast biscuit with egg, cheese and bacon",144,1,16,33,31,477,1993,477,1993,459,1260,230,2.5
FAST FOODS,"Breakfast English muffin with egg, cheese and bacon",137,1,17,27,13,289,1208,289,1208,270,729,199,2.4
FAST FOODS,"Cheeseburger, double patty + condiments + vegetables",228,1,30,53,35,650,2718,650,2718,349,921,390,4.7
FAST FOODS,"Cheeseburger, single patty, plain",102,1,15,32,15,319,1335,319,1335,196,500,164,2.4
FAST FOODS,"Chicken sandwich, breaded chicken + condiments + vegetables",228,1,29,42,39,632,2640,632,2640,406,1238,333,3.6
FAST FOODS,"Chicken sandwich, grilled chicken + condiments + vegetables",169,1,33,23,12,335,1402,335,1402,36,330,449,2.1
FAST FOODS,Donair / Gyro,195,1,22,37,7,310,1295,310,1295,223,361,404,3.1
FAST FOODS,Fish sandwich with breaded fish,183,1,21,48,29,523,2189,523,2189,311,939,353,3.5
FAST FOODS,"Hamburger, double patty + condiments",215,1,32,39,32,576,2410,576,2410,284,742,527,5.5
FAST FOODS,"Hamburger, single patty, plain",90,1,12,31,12,275,1148,275,1148,103,387,145,2.4
FAST FOODS,"Submarine sandwich (6 inches), vegetarian",167,1,7,38,4,216,904,216,904,88,529,236,2.7
FAST FOODS,"Submarine sandwich (6 inches), with cold cuts",228,1,22,51,19,456,1906,456,1906,287,1651,394,2.5
FAST FOODS,"Submarine sandwich (6 inches), with grilled/roasted chicken",229,1,24,44,16,417,1742,417,1742,104,722,437,3.0
FAST FOODS,"Submarine sandwich (6 inches), with tuna",256,1,30,55,28,584,2440,584,2440,220,1293,335,2.6
FAST FOODS,"Veggie burger, single patty + condiments + vegetables",157,1,19,28,19,359,1504,359,1504,278,671,233,3.1
FAST FOODS,"Wrap sandwich, chicken ranch",249,1,32,44,25,532,2227,532,2227,235,847,544,3.3
FAST FOODS,CHINESE,,,,,,,,,,,,,
FAST FOODS,Beef and broccoli stir fry,229,250mL,24,9,15,266,1111,266,1111,189,433,473,2.8
FAST FOODS,Chicken almond guy ding,256,250mL,22,18,15,295,1232,295,1232,123,510,591,1.7
FAST FOODS,Chicken chow mein,232,250mL,21,10,9,200,837,200,837,191,982,423,1.7
FAST FOODS,Chicken fried rice,209,250ml,12,44,13,343,1436,343,1436,139,797,169,1.3
FAST FOODS,Egg roll,64,1,5,9,6,113,472,113,472,53,249,121,0.8
FAST FOODS,General Tao/Tso chicken,258,250ml,50,8,62,806,3371,806,3371,340,1285,476,2.2
FAST FOODS,Hot and sour soup,258,250mL,17,5,8,167,697,167,697,192,1596,383,1.8
FAST FOODS,Sweet and sour chicken balls,75,3,9,17,10,199,831,199,831,23,390,90,1.0
FAST FOODS,Won ton soup,255,250mL,15,15,7,191,798,191,798,159,810,339,1.8
FAST FOODS,PIZZA,,,,,,,,,,,,,
FAST FOODS,Pizza with cheese (medium - 12 inches),84,  1/6 ,9,25,8,210,880,210,880,161,515,180,2.0
FAST FOODS,Pizza with cheese and pepperoni (medium - 12 inches),85,  1/6 ,11,23,9,219,916,219,916,182,340,157,1.7
FAST FOODS,Pizza with cheese and vegetables (medium - 12 inches),93,  1/6 ,8,24,7,193,809,193,809,147,482,201,1.9
FAST FOODS,"Pizza with cheese, meat and vegetables (medium - 12 inches)",105,  1/6 ,11,24,12,250,1044,250,1044,168,629,237,2.1
FAST FOODS,OTHER,,,,,,,,,,,,,
FAST FOODS,"Chicken, breaded and fried (pieces)",98,2 pieces,22,9,17,283,1184,283,1184,151,286,181,1.3
FAST FOODS,"Chicken, breaded and fried, boneless (nuggets)",96,6,15,16,18,285,1192,285,1192,277,551,251,0.8
FAST FOODS,Chili con carne,267,250ml,26,23,9,270,1128,270,1128,209,1064,730,5.5
FAST FOODS,Corndog (PogoTM),175,1,17,56,19,460,1925,460,1925,166,973,263,6.2
FAST FOODS,"Hot-dog, plain",98,1,10,18,15,242,1012,242,1012,97,670,143,2.3
,FISH,,,,,,,,,,,,,
,"Anchovies, canned in oil, drained solids",8,2,2,0,1,17,70,17,70,20,293,44,0.4
,"Arctic char, boiled",75,75g,20,0,4,119,496,119,496,188,38,,0.4
,"Bass, mixed species, baked or broiled",75,75g,18,0,4,110,458,110,458,192,68,342,1.4
,"Burbot (loche), raw",90,90g,16,0,1,71,297,71,297,171,63,288,0.3
,"Catfish, channel, farmed, baked or broiled",75,75g,14,0,6,114,477,114,477,184,60,241,0.6
,"Cisco (lake herring, tullibee), baked or broiled",75,75g,17,0,3,98,408,98,408,188,38,312,0.5
,"Cisco (lake herring, tullibee), raw",90,90g,17,0,2,88,369,88,369,137,50,319,0.4
,"Cod, Atlantic, baked or broiled",75,75g,17,0,1,79,329,79,329,104,59,183,0.4
,"Cod, Atlantic, dried and salted, soaked in water",75,75g,13,0,1,62,259,62,259,183,1353,265,0.5
,Gefiltefish,75,75g,7,6,1,63,263,63,263,55,393,68,1.9
,"Grayling, baked or broiled",75,75g,17,0,1,80,332,80,332,,,,0.5
,"Haddock, baked or broiled",75,75g,18,0,1,84,351,84,351,181,65,299,1
,"Halibut, Atlantic and Pacific, baked or broiled",75,75g,20,0,2,105,439,105,439,214,52,432,0.8
,"Herring, Atlantic, kippered",75,75g,18,0,9,163,680,163,680,244,689,335,1.1
,"Mackerel, Atlantic, baked or broiled",75,75g,18,0,13,197,822,197,822,209,62,301,1.2
,"Ocean Perch, Atlantic, baked or broiled",75,75g,18,0,2,91,380,91,380,208,72,263,0.9
,"Pickerel (Walleye), baked or broiled",75,75g,18,0,1,89,374,89,374,202,49,374,1.3
,"Pike, northern, baked or broiled",75,75g,16,0,1,71,298,71,298,180,23,323,0.3
,"Pollock, Atlantic, baked or broiled",75,75g,19,0,1,89,370,89,370,212,83,342,0.4
,"Salmon, Atlantic, farmed, baked or broiled",75,75g,17,0,9,155,646,155,646,189,46,288,0.3
,"Salmon, chum (keta), baked or broiled",75,75g,19,0,4,116,483,116,483,272,48,413,0.5
,"Salmon, chum (keta), canned, drained solids with bone, salted",75,75g,16,0,4,106,443,106,443,266,365,225,0.5
,"Salmon, chum (keta), canned, drained solids with bone, unsalted",75,75g,16,0,4,106,443,106,443,266,56,225,0.5
,"Salmon, coho, farmed, baked or broiled",75,75g,18,0,6,134,558,134,558,249,39,345,0.3
,"Salmon, eggs, raw",90,90g,24,0,9,116,485,116,485,198,45,369,0.6
,"Salmon, king or chinook, smoked, canned",75,75g,17,1,4,113,470,113,470,,,,1.4
,"Salmon, pink, canned, drained solids with bone",75,75g,17,0,4,102,427,102,427,274,299,233,0.7
,"Salmon, smoked",40,2 pieces,7,0,2,47,196,47,196,66,314,70,0.3
,"Salmon, smoked, lox",40,2 pieces,7,0,2,47,196,47,196,66,800,70,0.3
,"Salmon, sockeye, baked or broiled",75,75g,20,0,8,162,677,162,677,207,50,281,0.4
,"Sardines, Atlantic, canned in oil, drained solids with bones",106,1 can,26,0,12,220,922,220,922,519,535,421,3.1
,"Sardines, Pacific, canned in tomato sauce, drained with bones",106,1 can,22,1,11,197,825,197,825,388,439,361,2.4
,"Smelt, breaded and fried",80,5,17,10,10,201,840,201,840,246,,332,1
,"Snapper, mixed species, baked or broiled",75,75g,20,0,1,96,401,96,401,151,43,392,0.2
,"Sole (flatfish), baked or broiled",75,75g,18,0,1,88,367,88,367,217,79,258,0.3
,"Trout, rainbow, farmed, baked or broiled",75,75g,18,0,5,127,530,127,530,200,32,331,0.2
,"Tuna, light, canned in water, drained, salted",75,75g,19,0,1,87,364,87,364,122,254,178,1.1
,"Tuna, light, canned with oil, drained, salted",75,75g,22,0,6,149,621,149,621,233,266,155,1
,"Turbot, baked or broiled",75,75g,15,0,3,92,383,92,383,124,144,229,0.3
,"Whitefish, lake, native, baked",75,75g,17,0,3,100,417,100,417,168,33,294,0.3
,SHELLFISH,,,,,,,,,,,,,
,"Clams, mixed species, boiled or steamed",60,5 large,15,3,1,89,371,89,371,203,67,377,16.8
,"Clams, mixed species, canned, drained solids",85,125mL,22,4,2,125,523,125,523,286,95,531,23.6
,"Crab, canned, drained",71,125mL,15,0,1,71,295,71,295,185,238,267,0.6
,"Crab, snow, boiled or steamed",62,125mL,15,0,1,72,300,72,300,80,431,125,1.8
,"Crayfish, mixed species, farmed, boiled or steamed",60,4 medium,11,0,1,52,218,52,218,145,58,143,0.7
,"Lobster, boiled or steamed",77,125mL,16,1,tr,75,314,75,314,142,291,270,0.3
,"Mussels, boiled or steamed",75,15 small,18,6,3,129,539,129,539,214,277,201,5
,"Oysters, boiled or steamed",42,6 medium,6,3,2,58,241,58,241,85,177,118,5
,"Oysters, canned, solids and liquid",131,125mL,9,5,3,90,379,90,379,182,147,300,8.8
,"Oysters, raw",84,6 medium,4,5,1,50,207,50,207,78,150,104,4.9
,"Scallops, cooked, steamed",78,6 medium,18,0,1,87,365,87,365,264,207,371,2.3
,"Shrimp, boiled or steamed",30,6 medium,6,0,tr,30,124,30,124,41,67,55,0.9
,FISH PRODUCTS,,,,,,,,,,,,,
,"Calamari, breaded and fried",79,125mL,14,9,7,156,651,156,651,194,303,216,1
,"Caviar, black or red",16,15mL,4,1,3,41,171,41,171,58,243,29,1.9
,Crab cake,60,1,12,tr,5,93,389,93,389,128,198,194,0.6
,"Crab, imitation, made from surimi",67,125mL,8,7,1,68,284,68,284,188,560,60,0.3
,Fish cake,120,1,16,15,12,240,1004,240,1004,201,290,526,0.8
,"Fish fillet, battered and fried",134,1,22,9,15,265,1108,265,1108,266,133,508,1
,"Fish sticks, frozen and reheated (10cm x 2.5cm x 1.3cm)",83,3 sticks,13,20,10,227,948,227,948,151,485,217,0.6
,"Shrimp, breaded and fried",66,6 medium,14,8,8,160,668,160,668,144,227,149,0.8
,Tuna salad,108,125mL,17,10,10,203,847,203,847,193,435,193,1.1
BEVERAGES,"Chai, latte",242,250mL,5,26,3,149,624,149,624,150,67,263,0.1
BEVERAGES,"Coffee, brewed",250,250mL,tr,0,tr,2.5,10.0,2.5,10.0,8,5,123,tr
BEVERAGES,"Coffee, brewed, decaffeinated",251,250mL,tr,0,0,2.5,10.0,2.5,10.0,3,5,135,0.1
BEVERAGES,"Coffee, instant, regular, powder + water",253,250mL,tr,1,tr,5,20,5,20,8,5,76,0.1
BEVERAGES,"Coffee, latte",256,250mL,5,7,6,101,420,101,420,156,79,340,0.2
BEVERAGES,"Coffee, substitute, powder + water",254,250mL,tr,3,tr,13,53,13,53,18,8,79,0.2
BEVERAGES,Iced cappuccino - original - with cream (Tim HortonsTM), ,250mL,2,28,9,211,886,211,886,,42,,0.3
BEVERAGES,Iced cappuccino - with 2% milk (Tim HortonsTM), ,250mL,3,27,1,127,533,127,533,,30,,0.3
BEVERAGES,"Iced coffee, Frappuccino (StarbucksTM)",,250mL,3,26,2,127,533,127,533,,120,,0
BEVERAGES,"Iced tea, lemon flavor, ready-to-drink",254,250mL,0,23,0,91,383,91,383,,53,,
BEVERAGES,"Iced tea, lemon flavour, powder + water",274,250mL,tr,23,tr,93,389,93,389,3,8,52,0.1
BEVERAGES,"Tea, brewed",250,250mL,0,1,tr,3,10,3,10,3,8,93,0.1
BEVERAGES,"Tea, brewed, herbal",250,250mL,0,1,tr,3,10,3,10,0,3,23,0.2
BEVERAGES,CARBONATED DRINKS,,,,,,,,,,,,,
BEVERAGES,Club soda,250,250mL,0,0,0,0,0,0,0,0,53,5,tr
BEVERAGES,Cola,262,250mL,tr,28,0,110,461,110,461,34,10,3,0.1
BEVERAGES,"Cola, aspartame sweetened",250,250mL,tr,tr,0,3,10,3,10,28,13,15,0.1
BEVERAGES,"Cola, decaffeinated",262,250mL,0,28,0,107,448,107,448,29,10,8,0.1
BEVERAGES,Ginger ale,258,250mL,0,23,0,88,366,88,366,0,18,3,0.5
BEVERAGES,Lemon-lime soda,260,250mL,0,27,0,104,433,104,433,0,29,3,0.2
BEVERAGES,"Non cola soda, aspartame sweetened",250,250mL,0,tr,0,0,0,0,0,0,40,5,0.1
BEVERAGES,Orange soda,262,250mL,0,32,0,126,527,126,527,3,31,5,0.2
BEVERAGES,Tonic water,258,250mL,0,32,0,124,520,124,520,0,15,0,tr
BEVERAGES,FRUIT FLAVOURED DRINKS,,,,,,,,,,,,,
BEVERAGES,"Citrus juice drink, frozen, diluted (Five AliveTM)",262,250mL,tr,32,tr,131,548,131,548,10,5,128,1.8
BEVERAGES,"Fruit flavour drink, low Calorie, powder + water (Crystal LightTM)",254,250mL,0,1,tr,3,14,3,14,2,6,0,tr
BEVERAGES,"Fruit punch flavour drink, powder (Kool-AidTM) + water",276,250mL,0,26,tr,102,427,102,427,55,39,3,0.1
BEVERAGES,"Fruit punch flavour drink, vitamin C added, powder + water",277,250mL,0,26,tr,102,429,102,429,55,39,3,0.1
BEVERAGES,"Fruit punch juice drink, ready-to-drink (Sunny DTM)",262,250mL,0,33,0,123,516,123,516,3,26,31,0.1
BEVERAGES,"Lemonade, pink or white, frozen, diluted",262,250mL,tr,27,tr,105,440,105,440,5,6,39,0.4
BEVERAGES,"Mixed vegetable and fruit juice drink, ready-to-drink (V8 SplashTM)",257,250mL,tr,29,tr,113,472,113,472,8,41,62,0.2
BEVERAGES,"Orange drink, vitamin C added (Hi-CTM), ready-to-drink",262,250mL,0,34,tr,134,558,134,558,3,42,47,0.7
BEVERAGES,"Orange drink, vitamin C added (TangTM, QuenchTM, Rise'n ShineTM), powder + water",286,250mL,0,34,0,135,564,135,564,63,11,69,0.1
BEVERAGES,OTHER BEVERAGES,,,,,,,,,,,,,
BEVERAGES,"Sports drink, fruit flavour, low Calorie, ready-to-drink (GatoradeTM, PoweradeTM)",261,250mL,0,8,0,29,120,29,120,23,91,26,0.1
BEVERAGES,"Sports drink, fruit flavour, ready-to-drink (GatoradeTM, PoweradeTM)",258,250mL,0,16,tr,67,281,67,281,23,101,36,0.5
BEVERAGES,"Water, mineral (PerrierTM)",250,250mL,0,0,0,0,0,0,0,0,3,0,0
BEVERAGES,"Water, municipal",250,250mL,0,0,0,0,0,0,0,0,5,0,0
BEVERAGES,ALCOHOLIC,,,,,,,,,,,,,
BEVERAGES,"Beer, de-alcoholized, (Labbat .5TM)",350,1 can,1,47,tr,210,878,210,878,56,45,28,0.2
BEVERAGES,"Beer, high alcohol (7%alcohol by volume)",342,1 bottle,1,10,0,183,766,183,766,41,17,86,0.1
BEVERAGES,"Beer, light (4% alcohol by volume)",340,1 bottle,1,5,0,99,412,99,412,41,14,71,0.1
BEVERAGES,"Beer, regular (5% alcohol by volume)",342,1 bottle,1,10,0,140,586,140,586,48,14,92,0.1
BEVERAGES,"Cocktail, daiquiri",128,125mL,tr,9,tr,237,993,237,993,6,6,27,0.1
BEVERAGES,"Cocktail, margarita",131,125mL,tr,6,tr,246,1031,246,1031,7,527,23,0.1
BEVERAGES,"Liqueur, coffee and cream",53,45mL,1,11,8,172,719,172,719,26,48,17,0.1
BEVERAGES,Sangria,123,125mL,tr,12,tr,87,365,87,365,10,13,80,0.2
BEVERAGES,"Spirits (gin, rum, vodka, whisky)",47,50mL,0,0,0,109,456,109,456,2,1,1,tr
BEVERAGES,Vodka cooler,390,1 bottle,tr,33,1,220,799,220,799,19,12,211,0.9
BEVERAGES,"Wine, dessert, sweet",127,125mL,tr,17,0,203,848,203,848,11,11,117,0.3
BEVERAGES,"Wine, table, red",125,125mL,tr,2,0,90,375,90,375,17,6,140,0.5
BEVERAGES,"Wine, table, white",125,125mL,tr,1,0,85,354,85,354,17,6,100,0.4
,FLOURS AND BRANS,,,,,,,,,,,,,
,Chickpea flour,49,125mL,11,28,3,188,786,188,786,155,31,411,2.4
,"Cornmeal, dry",73,125mL,6,57,1,267,1116,267,1116,61,2,118,0.8
,"Oat bran, dry",50,125mL,9,33,3,122,511,122,511,365,2,281,2.7
,"Oat flakes, dry",53,125mL,7,35,4,200,838,200,838,226,2,199,2.2
,Potato flour,85,125mL,6,70,tr,302,1262,302,1262,142,46,846,1.2
,Rice flour,83,125mL,5,67,1,305,1278,305,1278,82,0,63,0.3
,"Rye flour, light",54,125mL,5,43,1,198,827,198,827,105,1,126,1
,Soy flour,53,125mL,25,20,1,174,729,174,729,356,11,1259,4.9
,Wheat bran,4,15mL,1,2,tr,8,33,8,33,37,tr,43,0.4
,"Wheat flour, all purpose",66,125mL,7,50,1,240,1005,240,1005,71,1,71,3.1
,"Wheat flour, bread",72,125mL,9,52,1,261,1093,261,1093,70,1,72,3.2
,"Wheat flour, cake",72,125mL,6,56,1,262,1096,262,1096,62,1,76,5.3
,"Wheat flour, whole grain",63,125mL,9,46,1,215,899,215,899,219,3,257,2.5
,"Wheat germ, toasted",7,15mL,2,4,1,27,114,27,114,82,tr,68,0.7
,BREADS AND BUNS,,,,,,,,,,,,,
,"Bagel, plain (10cm diam)",71,1,7,38,1,195,817,195,817,68,379,72,2.5
,Bannock,37,1 medium,2,19,tr,84,353,84,353,60,,,0.7
,"Bread, French or Vienna",35,1 slice,3,18,1,96,401,96,401,37,213,40,0.9
,"Bread, Italian",35,1 slice,3,18,1,95,397,95,397,36,204,39,1
,"Bread, mixed-grain",35,1 slice,4,16,1,88,366,88,366,62,170,71,1.2
,"Bread, naan",63,  1/2 ,7,36,2,192,803,192,803,89,208,115,2.3
,"Bread, oatmeal",35,1 slice,3,17,2,94,394,94,394,44,210,50,0.9
,"Bread, pita, white (17cm diam)",60,1,5,33,1,165,690,165,690,58,322,72,1.6
,"Bread, pita, whole wheat (17cm diam)",64,1,6,35,2,170,712,170,712,115,340,109,2
,"Bread, pumpernickel",35,1 slice,3,17,1,88,366,88,366,62,235,73,1
,"Bread, raisin",35,1 slice,3,18,2,96,401,96,401,38,137,79,1
,"Bread, rye",35,1 slice,3,17,1,91,379,91,379,44,231,58,1
,"Bread, white, calorie-reduced",35,1 slice,3,16,1,72,303,72,303,42,159,27,1.1
,"Bread, white, commercial",35,1 slice,3,18,1,93,389,93,389,35,238,35,1.3
,"Bread, white, homemade with 2% milk",35,1 slice,3,17,2,100,417,100,417,40,126,51,1
,"Bread, whole wheat, commercial",35,1 slice,3,16,1,86,360,86,360,80,184,88,1.2
,"Bread, whole wheat, homemade with 2% milk",35,1 slice,3,18,2,97,407,97,407,65,121,110,1.1
,Dumpling,35,1 dumpling,1,8,4,69,289,69,289,22,138,23,0.4
,"English muffin, white, toasted",52,1,4,26,1,133,554,133,554,75,262,74,1.4
,"English muffin, whole wheat, toasted",52,1,5,25,1,126,528,126,528,65,216,105,1.6
,"Fry bread, Navajo",37,1,2,18,5,122,511,122,511,46,122,28,1.5
,"Roll, crusty (kaiser)",57,1,6,30,2,167,698,167,698,57,310,62,1.9
,"Roll, dinner, white",28,1,2,14,2,85,356,85,356,33,148,38,0.9
,"Roll, dinner, whole wheat",28,1,2,14,1,75,315,75,315,64,136,77,0.7
,"Roll, hamburger or hotdog, white",43,1,4,21,2,120,502,120,502,27,206,40,1.4
,"Roll, hamburger or hotdog, whole-wheat",43,1,4,19,3,113,473,113,473,52,197,69,1.7
,OTHER BREAD PRODUCTS,,,,,,,,,,,,,
,"Bread stick, plain (19cm X 2cm)",10,1,1,7,1,41,172,41,172,12,66,12,0.4
,"Bread stuffing, dry mix, prepared",106,125mL,3,23,9,188,786,188,786,44,574,78,1.2
,"Croutons, plain",8,60mL,1,6,1,31,129,31,129,9,53,9,0.3
,"Matzo, plain",28,1,3,24,tr,112,468,112,468,25,1,32,0.9
,"Taco shell, baked (13cm diam)",13,1 shell,1,8,3,61,254,61,254,32,48,23,0.3
,"Tortilla, corn (15cm diam)",19,1,1,8,1,41,173,41,173,60,9,35,0.2
,"Tortilla, wheat (20cm diam)",49,1,4,27,3,159,666,159,666,61,234,64,1.6
,"PANCAKES, WAFFLES AND FRENCH TOAST",,,,,,,,,,,,,
,"French toast, frozen, ready to heat, heated",59,1 slice,4,19,4,126,526,126,526,82,292,79,1.3
,"French toast, homemade",65,1 slice,5,16,7,149,623,149,623,76,311,87,1.1
,"Pancake, buckwheat, prepared from mix (13cm diam)",40,1,3,10,3,73,305,73,305,143,191,80,0.7
,"Pancake, homemade with butter and syrup (13cm diam)",50,1,3,20,3,112,468,112,468,118,211,78,0.5
,"Pancake, plain, from complete mix (13cm diam)",40,1,1,11,2,64,266,64,266,96,180,50,0.4
,"Pancake, plain, frozen, ready-to-heat (13cm diam), heated",41,1,2,18,1,94,393,94,393,153,209,30,1.4
,"Pancake, plain, homemade (13cm diam)",38,1,2,11,4,86,361,86,361,60,167,50,0.7
,"Potato pancake, homemade (8cm diam)",37,1,2,13,6,112,467,112,467,46,191,277,0.7
,"Waffle, homemade",37,1,3,14,4,103,432,103,432,53,146,58,0.9
,"Waffle, plain, frozen, ready to heat, heated",33,1,2,13,3,87,364,87,364,139,260,42,1.5
,"RICE, PASTA AND OTHER GRAINS",,,,,,,,,,,,,
,"Barley, pearled, cooked",83,125mL,2,23,tr,102,426,102,426,45,2,77,1.1
,"Bulgur, cooked",96,125mL,3,18,tr,80,334,80,334,38,5,65,0.9
,"Couscous,cooked",83,125mL,3,19,tr,93,388,93,388,18,4,48,0.3
,"Macaroni, cooked",148,250mL,7,42,1,209,873,209,873,80,1,46,2.1
,"Noodles, Chinese, chow mein",48,250mL,4,27,15,251,1048,251,1048,77,209,57,2.2
,"Noodles, egg, cooked",169,250mL,8,42,2,225,940,225,940,117,12,47,2.7
,"Pasta, fresh-refrigerated, cooked",169,250mL,9,40,3,220,920,220,920,88,140,36,2
,"Pasta, fresh-refrigerated, spinach, cooked",169,250mL,9,41,3,223,933,223,933,96,20,63,1.8
,"Quinoa, cooked",73,125mL,2,13,1,70,293,70,293,77,4,138,1.7
,"Ramen noodles, chicken flavour, dry",85,1 package,9,54,13,371,1554,371,1554,100,1760,147,3.3
,"Rice noodles, cooked",186,250mL,2,46,tr,203,848,203,848,37,35,7,0.3
,"Rice, brown, long-grain, cooked",103,125mL,3,24,1,115,479,115,479,86,5,44,0.4
,"Rice, white, long-grain, cooked",83,125mL,2,24,tr,109,454,109,454,36,1,29,0.2
,"Rice, white, long-grain, instant, prepared",87,125mL,2,19,tr,85,357,85,357,12,3,3,0.2
,"Rice, white, long-grain, parboiled,cooked",92,125mL,2,23,tr,105,441,105,441,39,3,34,0.2
,"Rice, wild, cooked",87,125mL,3,18,tr,88,366,88,366,71,3,88,0.5
,"Soba noodles, cooked",120,250mL,6,26,tr,119,499,119,499,30,72,42,0.6
,"Spaghetti, cooked",148,250mL,7,42,1,209,873,209,873,80,1,46,2.1
,"Spaghetti, whole-wheat, cooked",148,250mL,8,39,1,183,768,183,768,132,4,65,1.6
,BREAKFAST CEREALS,,,,,,,,,,,,,
,"All Bran Buds with psyllium, Kellogg'sTM",27,75mL,2,22,1,70,292,70,292,242,181,242,3.5
,"All Bran, Kellogg'sTM",35,125mL,4,27,1,92,384,92,384,350,305,408,4.7
,"Almond Raisin Muslix, Kellogg'sTM",44,175mL,4,34,3,173,722,173,722,86,140,191,5.9
,"Alpha-Bits, PostTM",34,250mL,2,30,1,139,580,139,580,74,126,21,4.5
,"Bran Flakes, PostTM",53,250mL,5,41,1,185,776,185,776,276,302,253,7
,"Cap'n Crunch, QuakerTM",27,175mL,1,23,1,108,452,108,452,22,213,30,3.6
,"Cheerios: Honey Nut, General MillsTM",35,250mL,3,28,1,134,561,134,561,115,252,99,4.7
,Cheerios: regular General MillsTM,24,250mL,3,18,2,95,396,95,396,105,219,78,3.2
,"Cinnamon Toast Crunch, General MillsTM",28,175mL,1,22,3,123,514,123,514,93,193,41,3.8
,"Corn Bran, QuakerTM",38,250mL,3,30,2,124,520,124,520,42,349,91,5
,"Corn Flakes, Kellogg'sTM",26,250mL,2,23,tr,103,430,103,430,12,190,28,3.5
,"Corn Pops, Kellogg'sTM",33,250mL,1,30,tr,130,544,130,544,13,192,26,4.4
,"Cream of wheat, regular",186,175mL,2,9,tr,46,195,46,195,17,tr,15,1.6
,"Fibre 1, General MillsTM",30,125mL,3,24,1,79,329,79,329,188,130,239,4.1
,"Froot Loops, Kellogg'sTM",30,250mL,1,26,1,116,485,116,485,31,121,30,3.9
,"Frosted Flakes, Kellogg'sTM",37,250mL,2,33,tr,142,595,142,595,9,196,28,4.9
,"Fruit & Fibre, Dates/Raisins/Walnuts, PostTM",29,125mL,3,22,1,93,389,93,389,126,134,145,3.9
,"Granola with Raisins, low fat, Kellogg'sTM",59,125mL,5,46,3,226,944,226,944,135,147,173,7.8
,"Granola with Raisins, RogersTM",59,125mL,5,41,8,245,1023,245,1023,157,95,198,1.9
,"Grape-Nuts, PostTM",58,125mL,6,46,1,208,872,208,872,241,348,253,2
,"Harvest Crunch, regular, QuakerTM",47,125mL,5,31,9,218,911,218,911,,45,226,1.1
,"Honeycomb, PostTM",23,250mL,1,21,tr,92,384,92,384,36,93,46,3.7
,"Just Right, Kellogg'sTM",45,250mL,4,38,1,172,720,172,720,93,250,105,6
,"Life, QuakerTM",33,175mL,5,23,2,124,518,124,518,160,195,188,4.3
,"Lucky Charms, General MillsTM",34,250mL,2,28,1,132,550,132,550,87,227,64,4.6
,"Mini-Wheats with White Frosting, Kellogg'sTM",35,175mL,3,29,1,121,505,121,505,102,4,135,4.7
,"Muesli, President's ChoiceTM",40,75mL,5,28,2,144,603,144,603,40,24,228,1.6
,"Nesquik, General MillsTM",30,250mL,1,27,1,120,502,120,502,44,192,49,4.1
,"Oat bran, cooked",179,175mL,3,12,1,73,306,73,306,127,1,120,1.3
,"Oatmeal Crisp Almond, General MillsTM",32,125mL,3,23,3,131,546,131,546,93,108,93,4.3
,"Oatmeal Crisp Maple Walnut, General MillsTM",32,125mL,3,25,2,133,557,133,557,81,142,101,4.3
,"Oatmeal, instant, apple-cinnamon",186,1 packet,3,29,2,141,592,141,592,88,256,108,5
,"Oatmeal, instant, regular",186,1 packet,4,20,2,112,468,112,468,132,241,112,4
,"Oatmeal, large flakes/quick",173,175mL,4,17,2,99,412,99,412,111,1,98,1
,"Puffed Wheat, QuakerTM",13,250mL,2,9,tr,45,188,45,188,40,0,60,0.5
,"Raisin Bran, Kellogg'sTM",59,250mL,5,47,1,187,782,187,782,189,367,334,7.9
,"Red River, Robin HoodTM",180,175mL,4,24,1,115,482,115,482,63,27,,1.3
,"Reese's Puffs, General MillsTM",30,175mL,2,24,3,128,533,128,533,11,178,43,4
,"Rice Krispies, Kellogg'sTM",29,250mL,2,24,tr,110,458,110,458,41,315,31,3.8
,"Shredded Wheat, PostTM",25,1 biscuit,3,21,1,91,379,91,379,83,1,92,1.5
,"Shreddies, PostTM",38,175mL,4,32,1,138,579,138,579,109,241,143,5.1
,"Special K, Kellogg'sTM",24,250mL,4,18,tr,94,392,94,392,49,226,34,3.2
,"Sugar Crisp, PostTM",26,250mL,1,24,1,103,432,103,432,44,33,1,0.3
,"Trix, General MillsTM",30,250mL,1,27,1,117,491,117,491,22,195,16,4
,WeetabixTM,35,2 biscuits,4,29,1,130,543,130,543,144,126,141,1.1
,CRACKERS,,,,,,,,,,,,,
,Cheese crackers,4,4,tr,2,1,20,84,20,84,9,40,6,0.2
,"Melba toast, plain",10,2,1,8,tr,39,163,39,163,20,83,20,0.4
,Milk crackers,48,4,4,33,8,218,913,218,913,145,284,55,1.7
,Rusk toast,10,1,1,7,1,41,170,41,170,15,25,25,0.3
,"Rye wafers, plain",25,1,2,20,tr,84,349,84,349,84,199,124,1.5
,"Saltine (oyster, soda, soup)",12,4,1,9,1,51,215,51,215,12,129,18,0.7
,"Saltine (oyster, soda, soup), unsalted top",12,4,1,9,1,52,218,52,218,13,92,15,0.6
,Standard-type (snack-type) (RitzTM),12,4,1,7,3,60,252,60,252,27,102,16,0.4
,"Standard-type, reduced sodium (RitzTM)",12,4,1,7,3,60,252,60,252,27,45,43,0.4
,Wheat crackers,20,4,2,13,3,95,396,95,396,44,173,60,1
,"Wheat crackers, low fat",18,4,2,12,2,79,330,79,330,52,112,72,0.7
,Whole-wheat crackers,16,4,1,11,3,71,296,71,296,47,105,48,0.5
EGGS AND EGG DISHES,"Egg white, cooked",33,1 large,3,tr,0,16,66,16,66,4,106,39,tr
EGGS AND EGG DISHES,"Egg yolk, cooked",17,1 large,3,1,6,59,249,59,249,64,34,17,0.7
EGGS AND EGG DISHES,"Egg, fried",92,2 large,12,2,14,173,726,173,726,127,322,116,1.4
EGGS AND EGG DISHES,"Egg, hard-boiled",50,1 large,6,1,5,78,324,78,324,86,62,63,0.6
EGGS AND EGG DISHES,"Egg, poached",50,1 large,6,tr,5,74,308,74,308,95,147,67,0.9
EGGS AND EGG DISHES,Eggs benedict,310,2 eggs,34,30,35,572,2393,572,2393,453,2015,456,4.0
EGGS AND EGG DISHES,"Eggs, scrambled, made with 2 eggs",124,2 eggs,13,4,14,189,792,189,792,160,476,171,1.4
EGGS AND EGG DISHES,"Omelet, cheese, made with 2 eggs",150,1 omelet,18,5,20,273,1142,273,1142,356,890,241,1.6
EGGS AND EGG DISHES,"Omelet, spanish, made with 2 eggs (mushrooms, onions, green peppers, tomatoes)",290,1 omelet,15,13,24,319,1336,319,1336,211,607,514,1.8
EGGS AND EGG DISHES,"Omelet, western, made with 2 eggs (green peppers, ham, onions)",158,1 omelet,17,5,17,237,993,237,993,202,720,258,1.5
SNACKS,Air-popped,8,250mL,1,7,tr,32,135,32,135,25,tr,25,0.2
SNACKS,Caramel-coated,37,250mL,1,29,5,160,670,160,670,31,77,41,0.6
SNACKS,"Microwave, low fat and reduced salt",8,250mL,1,6,1,34,144,34,144,21,39,19,0.2
SNACKS,"Oil-popped, regular and microwaved",12,250mL,1,7,3,58,243,58,243,29,103,26,0.3
SNACKS,CHIPS,,,,,,,,,,,,,
SNACKS,"Corn-based puffs or twists, cheese (CheesiesTM)",37,250mL,3,20,13,205,857,205,857,40,388,61,0.9
SNACKS,"Potato chips made from dried potatoes, plain (PringlesTM)",28,17 chips,2,14,11,156,654,156,654,44,184,282,0.4
SNACKS,"Potato chips, baked, plain",43,1 small bag,2,31,8,202,843,202,843,118,394,310,0.3
SNACKS,"Potato chips, flavoured",43,1 small bag,3,23,14,211,883,211,883,80,323,542,0.8
SNACKS,"Potato chips, plain",43,1 small bag,3,21,15,230,964,230,964,65,229,571,0.7
SNACKS,"Tortilla chips, nacho flavoured (DoritosTM)",50,1 small bag,4,31,13,249,1042,249,1042,122,354,108,0.7
SNACKS,"Tortilla chips, plain",47,26 small,3,29,12,234,980,234,980,96,247,92,0.7
SNACKS,OTHER SNACKS,,,,,,,,,,,,,
SNACKS,Banana chips,14,10 chips,tr,8,5,73,304,73,304,8,1,75,0.2
SNACKS,Beef jerky (22cm long),20,1 stick,7,2,5,81,340,81,340,81,438,118,1.1
SNACKS,Beer nuts,34,10 nuts,8,10,14,186,779,186,779,152,2,203,0.6
SNACKS,Bits and bites snack bites (Bits & BitesTM),31,125mL,4,21,4,132,554,132,554,71,263,92,2.6
SNACKS,Fruit leather bar (Fruit to GoTM),14,1 bar,tr,11,1,49,206,49,206,8,11,19,0.1
SNACKS,"Pretzels, hard, plain, salted",5,10 sticks,tr,4,tr,19,80,19,80,6,86,7,0.2
SNACKS,"Pretzels, hard, plain, unsalted",50,10 sticks,5,40,2,191,797,191,797,57,145,73,2.2
SNACKS,"Rice cakes, plain",9,1,1,7,tr,35,146,35,146,32,29,26,0.1
SNACKS,"Sesame sticks, salted",14,60mL,2,6,5,75,316,75,316,19,208,25,0.1
SNACKS,"Soybeans, roasted, salted",44,60mL,15,15,11,205,859,205,859,158,71,641,1.7
SNACKS,"Trail mix, regular",38,60mL,5,17,11,176,735,176,735,131,87,261,1.2
SNACKS,"Trail mix, tropical",36,60mL,2,23,6,144,604,144,604,66,4,252,0.9
